,Datetime,Region,Technology,Emission,Value
0,2022,reg1,Bio_oil_supply,CO2,0.0
1,2023,reg1,Bio_oil_supply,CO2,0.0
2,2024,reg1,Bio_oil_supply,CO2,0.0
3,2025,reg1,Bio_oil_supply,CO2,0.0
4,2026,reg1,Bio_oil_supply,CO2,0.0
5,2027,reg1,Bio_oil_supply,CO2,0.0
6,2028,reg1,Bio_oil_supply,CO2,0.0
7,2029,reg1,Bio_oil_supply,CO2,0.0
8,2030,reg1,Bio_oil_supply,CO2,0.0
9,2031,reg1,Bio_oil_supply,CO2,0.0
10,2032,reg1,Bio_oil_supply,CO2,0.0
11,2033,reg1,Bio_oil_supply,CO2,0.0
12,2034,reg1,Bio_oil_supply,CO2,0.0
13,2035,reg1,Bio_oil_supply,CO2,0.0
14,2036,reg1,Bio_oil_supply,CO2,0.0
15,2037,reg1,Bio_oil_supply,CO2,0.0
16,2038,reg1,Bio_oil_supply,CO2,0.0
17,2039,reg1,Bio_oil_supply,CO2,0.0
18,2040,reg1,Bio_oil_supply,CO2,0.0
19,2041,reg1,Bio_oil_supply,CO2,0.0
20,2042,reg1,Bio_oil_supply,CO2,0.0
21,2043,reg1,Bio_oil_supply,CO2,0.0
22,2044,reg1,Bio_oil_supply,CO2,0.0
23,2045,reg1,Bio_oil_supply,CO2,0.0
24,2046,reg1,Bio_oil_supply,CO2,0.0
25,2047,reg1,Bio_oil_supply,CO2,0.0
26,2048,reg1,Bio_oil_supply,CO2,0.0
27,2049,reg1,Bio_oil_supply,CO2,0.0
28,2050,reg1,Bio_oil_supply,CO2,0.0
29,2022,reg1,Crude_oil_supply,CO2,0.0
30,2023,reg1,Crude_oil_supply,CO2,0.0
31,2024,reg1,Crude_oil_supply,CO2,0.0
32,2025,reg1,Crude_oil_supply,CO2,0.0
33,2026,reg1,Crude_oil_supply,CO2,0.0
34,2027,reg1,Crude_oil_supply,CO2,0.0
35,2028,reg1,Crude_oil_supply,CO2,0.0
36,2029,reg1,Crude_oil_supply,CO2,0.0
37,2030,reg1,Crude_oil_supply,CO2,0.0
38,2031,reg1,Crude_oil_supply,CO2,0.0
39,2032,reg1,Crude_oil_supply,CO2,0.0
40,2033,reg1,Crude_oil_supply,CO2,0.0
41,2034,reg1,Crude_oil_supply,CO2,0.0
42,2035,reg1,Crude_oil_supply,CO2,0.0
43,2036,reg1,Crude_oil_supply,CO2,0.0
44,2037,reg1,Crude_oil_supply,CO2,0.0
45,2038,reg1,Crude_oil_supply,CO2,0.0
46,2039,reg1,Crude_oil_supply,CO2,0.0
47,2040,reg1,Crude_oil_supply,CO2,0.0
48,2041,reg1,Crude_oil_supply,CO2,0.0
49,2042,reg1,Crude_oil_supply,CO2,0.0
50,2043,reg1,Crude_oil_supply,CO2,0.0
51,2044,reg1,Crude_oil_supply,CO2,0.0
52,2045,reg1,Crude_oil_supply,CO2,0.0
53,2046,reg1,Crude_oil_supply,CO2,0.0
54,2047,reg1,Crude_oil_supply,CO2,0.0
55,2048,reg1,Crude_oil_supply,CO2,0.0
56,2049,reg1,Crude_oil_supply,CO2,0.0
57,2050,reg1,Crude_oil_supply,CO2,0.0
58,2022,reg1,NG_supply,CO2,0.0
59,2023,reg1,NG_supply,CO2,0.0
60,2024,reg1,NG_supply,CO2,0.0
61,2025,reg1,NG_supply,CO2,0.0
62,2026,reg1,NG_supply,CO2,0.0
63,2027,reg1,NG_supply,CO2,0.0
64,2028,reg1,NG_supply,CO2,0.0
65,2029,reg1,NG_supply,CO2,0.0
66,2030,reg1,NG_supply,CO2,0.0
67,2031,reg1,NG_supply,CO2,0.0
68,2032,reg1,NG_supply,CO2,0.0
69,2033,reg1,NG_supply,CO2,0.0
70,2034,reg1,NG_supply,CO2,0.0
71,2035,reg1,NG_supply,CO2,0.0
72,2036,reg1,NG_supply,CO2,0.0
73,2037,reg1,NG_supply,CO2,0.0
74,2038,reg1,NG_supply,CO2,0.0
75,2039,reg1,NG_supply,CO2,0.0
76,2040,reg1,NG_supply,CO2,0.0
77,2041,reg1,NG_supply,CO2,0.0
78,2042,reg1,NG_supply,CO2,0.0
79,2043,reg1,NG_supply,CO2,0.0
80,2044,reg1,NG_supply,CO2,0.0
81,2045,reg1,NG_supply,CO2,0.0
82,2046,reg1,NG_supply,CO2,0.0
83,2047,reg1,NG_supply,CO2,0.0
84,2048,reg1,NG_supply,CO2,0.0
85,2049,reg1,NG_supply,CO2,0.0
86,2050,reg1,NG_supply,CO2,0.0
87,2022,reg1,SFF_supply,CO2,0.0
88,2023,reg1,SFF_supply,CO2,0.0
89,2024,reg1,SFF_supply,CO2,0.0
90,2025,reg1,SFF_supply,CO2,0.0
91,2026,reg1,SFF_supply,CO2,0.0
92,2027,reg1,SFF_supply,CO2,0.0
93,2028,reg1,SFF_supply,CO2,0.0
94,2029,reg1,SFF_supply,CO2,0.0
95,2030,reg1,SFF_supply,CO2,0.0
96,2031,reg1,SFF_supply,CO2,0.0
97,2032,reg1,SFF_supply,CO2,0.0
98,2033,reg1,SFF_supply,CO2,0.0
99,2034,reg1,SFF_supply,CO2,0.0
100,2035,reg1,SFF_supply,CO2,0.0
101,2036,reg1,SFF_supply,CO2,0.0
102,2037,reg1,SFF_supply,CO2,0.0
103,2038,reg1,SFF_supply,CO2,0.0
104,2039,reg1,SFF_supply,CO2,0.0
105,2040,reg1,SFF_supply,CO2,0.0
106,2041,reg1,SFF_supply,CO2,0.0
107,2042,reg1,SFF_supply,CO2,0.0
108,2043,reg1,SFF_supply,CO2,0.0
109,2044,reg1,SFF_supply,CO2,0.0
110,2045,reg1,SFF_supply,CO2,0.0
111,2046,reg1,SFF_supply,CO2,0.0
112,2047,reg1,SFF_supply,CO2,0.0
113,2048,reg1,SFF_supply,CO2,0.0
114,2049,reg1,SFF_supply,CO2,0.0
115,2050,reg1,SFF_supply,CO2,0.0
116,2022,reg1,BW_supply,CO2,0.0
117,2023,reg1,BW_supply,CO2,0.0
118,2024,reg1,BW_supply,CO2,0.0
119,2025,reg1,BW_supply,CO2,0.0
120,2026,reg1,BW_supply,CO2,0.0
121,2027,reg1,BW_supply,CO2,0.0
122,2028,reg1,BW_supply,CO2,0.0
123,2029,reg1,BW_supply,CO2,0.0
124,2030,reg1,BW_supply,CO2,0.0
125,2031,reg1,BW_supply,CO2,0.0
126,2032,reg1,BW_supply,CO2,0.0
127,2033,reg1,BW_supply,CO2,0.0
128,2034,reg1,BW_supply,CO2,0.0
129,2035,reg1,BW_supply,CO2,0.0
130,2036,reg1,BW_supply,CO2,0.0
131,2037,reg1,BW_supply,CO2,0.0
132,2038,reg1,BW_supply,CO2,0.0
133,2039,reg1,BW_supply,CO2,0.0
134,2040,reg1,BW_supply,CO2,0.0
135,2041,reg1,BW_supply,CO2,0.0
136,2042,reg1,BW_supply,CO2,0.0
137,2043,reg1,BW_supply,CO2,0.0
138,2044,reg1,BW_supply,CO2,0.0
139,2045,reg1,BW_supply,CO2,0.0
140,2046,reg1,BW_supply,CO2,0.0
141,2047,reg1,BW_supply,CO2,0.0
142,2048,reg1,BW_supply,CO2,0.0
143,2049,reg1,BW_supply,CO2,0.0
144,2050,reg1,BW_supply,CO2,0.0
145,2022,reg1,Hydrogen_supply,CO2,0.0
146,2023,reg1,Hydrogen_supply,CO2,0.0
147,2024,reg1,Hydrogen_supply,CO2,0.0
148,2025,reg1,Hydrogen_supply,CO2,0.0
149,2026,reg1,Hydrogen_supply,CO2,0.0
150,2027,reg1,Hydrogen_supply,CO2,0.0
151,2028,reg1,Hydrogen_supply,CO2,0.0
152,2029,reg1,Hydrogen_supply,CO2,0.0
153,2030,reg1,Hydrogen_supply,CO2,0.0
154,2031,reg1,Hydrogen_supply,CO2,0.0
155,2032,reg1,Hydrogen_supply,CO2,0.0
156,2033,reg1,Hydrogen_supply,CO2,0.0
157,2034,reg1,Hydrogen_supply,CO2,0.0
158,2035,reg1,Hydrogen_supply,CO2,0.0
159,2036,reg1,Hydrogen_supply,CO2,0.0
160,2037,reg1,Hydrogen_supply,CO2,0.0
161,2038,reg1,Hydrogen_supply,CO2,0.0
162,2039,reg1,Hydrogen_supply,CO2,0.0
163,2040,reg1,Hydrogen_supply,CO2,0.0
164,2041,reg1,Hydrogen_supply,CO2,0.0
165,2042,reg1,Hydrogen_supply,CO2,0.0
166,2043,reg1,Hydrogen_supply,CO2,0.0
167,2044,reg1,Hydrogen_supply,CO2,0.0
168,2045,reg1,Hydrogen_supply,CO2,0.0
169,2046,reg1,Hydrogen_supply,CO2,0.0
170,2047,reg1,Hydrogen_supply,CO2,0.0
171,2048,reg1,Hydrogen_supply,CO2,0.0
172,2049,reg1,Hydrogen_supply,CO2,0.0
173,2050,reg1,Hydrogen_supply,CO2,0.0
174,2022,reg1,OP_supply,CO2,0.0
175,2023,reg1,OP_supply,CO2,0.0
176,2024,reg1,OP_supply,CO2,0.0
177,2025,reg1,OP_supply,CO2,0.0
178,2026,reg1,OP_supply,CO2,0.0
179,2027,reg1,OP_supply,CO2,0.0
180,2028,reg1,OP_supply,CO2,0.0
181,2029,reg1,OP_supply,CO2,0.0
182,2030,reg1,OP_supply,CO2,0.0
183,2031,reg1,OP_supply,CO2,0.0
184,2032,reg1,OP_supply,CO2,0.0
185,2033,reg1,OP_supply,CO2,0.0
186,2034,reg1,OP_supply,CO2,0.0
187,2035,reg1,OP_supply,CO2,0.0
188,2036,reg1,OP_supply,CO2,0.0
189,2037,reg1,OP_supply,CO2,0.0
190,2038,reg1,OP_supply,CO2,0.0
191,2039,reg1,OP_supply,CO2,0.0
192,2040,reg1,OP_supply,CO2,0.0
193,2041,reg1,OP_supply,CO2,0.0
194,2042,reg1,OP_supply,CO2,0.0
195,2043,reg1,OP_supply,CO2,0.0
196,2044,reg1,OP_supply,CO2,0.0
197,2045,reg1,OP_supply,CO2,0.0
198,2046,reg1,OP_supply,CO2,0.0
199,2047,reg1,OP_supply,CO2,0.0
200,2048,reg1,OP_supply,CO2,0.0
201,2049,reg1,OP_supply,CO2,0.0
202,2050,reg1,OP_supply,CO2,0.0
203,2022,reg1,Electricity_imports,CO2,0.0
204,2023,reg1,Electricity_imports,CO2,0.0
205,2024,reg1,Electricity_imports,CO2,0.0
206,2025,reg1,Electricity_imports,CO2,0.0
207,2026,reg1,Electricity_imports,CO2,0.0
208,2027,reg1,Electricity_imports,CO2,0.0
209,2028,reg1,Electricity_imports,CO2,0.0
210,2029,reg1,Electricity_imports,CO2,0.0
211,2030,reg1,Electricity_imports,CO2,0.0
212,2031,reg1,Electricity_imports,CO2,0.0
213,2032,reg1,Electricity_imports,CO2,0.0
214,2033,reg1,Electricity_imports,CO2,0.0
215,2034,reg1,Electricity_imports,CO2,0.0
216,2035,reg1,Electricity_imports,CO2,0.0
217,2036,reg1,Electricity_imports,CO2,0.0
218,2037,reg1,Electricity_imports,CO2,0.0
219,2038,reg1,Electricity_imports,CO2,0.0
220,2039,reg1,Electricity_imports,CO2,0.0
221,2040,reg1,Electricity_imports,CO2,0.0
222,2041,reg1,Electricity_imports,CO2,0.0
223,2042,reg1,Electricity_imports,CO2,0.0
224,2043,reg1,Electricity_imports,CO2,0.0
225,2044,reg1,Electricity_imports,CO2,0.0
226,2045,reg1,Electricity_imports,CO2,0.0
227,2046,reg1,Electricity_imports,CO2,0.0
228,2047,reg1,Electricity_imports,CO2,0.0
229,2048,reg1,Electricity_imports,CO2,0.0
230,2049,reg1,Electricity_imports,CO2,0.0
231,2050,reg1,Electricity_imports,CO2,0.0
232,2022,reg1,Wind_PP,CO2,0.0
233,2023,reg1,Wind_PP,CO2,0.0
234,2024,reg1,Wind_PP,CO2,0.0
235,2025,reg1,Wind_PP,CO2,0.0
236,2026,reg1,Wind_PP,CO2,0.0
237,2027,reg1,Wind_PP,CO2,0.0
238,2028,reg1,Wind_PP,CO2,0.0
239,2029,reg1,Wind_PP,CO2,0.0
240,2030,reg1,Wind_PP,CO2,0.0
241,2031,reg1,Wind_PP,CO2,0.0
242,2032,reg1,Wind_PP,CO2,0.0
243,2033,reg1,Wind_PP,CO2,0.0
244,2034,reg1,Wind_PP,CO2,0.0
245,2035,reg1,Wind_PP,CO2,0.0
246,2036,reg1,Wind_PP,CO2,0.0
247,2037,reg1,Wind_PP,CO2,0.0
248,2038,reg1,Wind_PP,CO2,0.0
249,2039,reg1,Wind_PP,CO2,0.0
250,2040,reg1,Wind_PP,CO2,0.0
251,2041,reg1,Wind_PP,CO2,0.0
252,2042,reg1,Wind_PP,CO2,0.0
253,2043,reg1,Wind_PP,CO2,0.0
254,2044,reg1,Wind_PP,CO2,0.0
255,2045,reg1,Wind_PP,CO2,0.0
256,2046,reg1,Wind_PP,CO2,0.0
257,2047,reg1,Wind_PP,CO2,0.0
258,2048,reg1,Wind_PP,CO2,0.0
259,2049,reg1,Wind_PP,CO2,0.0
260,2050,reg1,Wind_PP,CO2,0.0
261,2022,reg1,Solar_PV_PP,CO2,0.0
262,2023,reg1,Solar_PV_PP,CO2,0.0
263,2024,reg1,Solar_PV_PP,CO2,0.0
264,2025,reg1,Solar_PV_PP,CO2,0.0
265,2026,reg1,Solar_PV_PP,CO2,0.0
266,2027,reg1,Solar_PV_PP,CO2,0.0
267,2028,reg1,Solar_PV_PP,CO2,0.0
268,2029,reg1,Solar_PV_PP,CO2,0.0
269,2030,reg1,Solar_PV_PP,CO2,0.0
270,2031,reg1,Solar_PV_PP,CO2,0.0
271,2032,reg1,Solar_PV_PP,CO2,0.0
272,2033,reg1,Solar_PV_PP,CO2,0.0
273,2034,reg1,Solar_PV_PP,CO2,0.0
274,2035,reg1,Solar_PV_PP,CO2,0.0
275,2036,reg1,Solar_PV_PP,CO2,0.0
276,2037,reg1,Solar_PV_PP,CO2,0.0
277,2038,reg1,Solar_PV_PP,CO2,0.0
278,2039,reg1,Solar_PV_PP,CO2,0.0
279,2040,reg1,Solar_PV_PP,CO2,0.0
280,2041,reg1,Solar_PV_PP,CO2,0.0
281,2042,reg1,Solar_PV_PP,CO2,0.0
282,2043,reg1,Solar_PV_PP,CO2,0.0
283,2044,reg1,Solar_PV_PP,CO2,0.0
284,2045,reg1,Solar_PV_PP,CO2,0.0
285,2046,reg1,Solar_PV_PP,CO2,0.0
286,2047,reg1,Solar_PV_PP,CO2,0.0
287,2048,reg1,Solar_PV_PP,CO2,0.0
288,2049,reg1,Solar_PV_PP,CO2,0.0
289,2050,reg1,Solar_PV_PP,CO2,0.0
290,2022,reg1,Hydro_PP,CO2,0.0
291,2023,reg1,Hydro_PP,CO2,0.0
292,2024,reg1,Hydro_PP,CO2,0.0
293,2025,reg1,Hydro_PP,CO2,0.0
294,2026,reg1,Hydro_PP,CO2,0.0
295,2027,reg1,Hydro_PP,CO2,0.0
296,2028,reg1,Hydro_PP,CO2,0.0
297,2029,reg1,Hydro_PP,CO2,0.0
298,2030,reg1,Hydro_PP,CO2,0.0
299,2031,reg1,Hydro_PP,CO2,0.0
300,2032,reg1,Hydro_PP,CO2,0.0
301,2033,reg1,Hydro_PP,CO2,0.0
302,2034,reg1,Hydro_PP,CO2,0.0
303,2035,reg1,Hydro_PP,CO2,0.0
304,2036,reg1,Hydro_PP,CO2,0.0
305,2037,reg1,Hydro_PP,CO2,0.0
306,2038,reg1,Hydro_PP,CO2,0.0
307,2039,reg1,Hydro_PP,CO2,0.0
308,2040,reg1,Hydro_PP,CO2,0.0
309,2041,reg1,Hydro_PP,CO2,0.0
310,2042,reg1,Hydro_PP,CO2,0.0
311,2043,reg1,Hydro_PP,CO2,0.0
312,2044,reg1,Hydro_PP,CO2,0.0
313,2045,reg1,Hydro_PP,CO2,0.0
314,2046,reg1,Hydro_PP,CO2,0.0
315,2047,reg1,Hydro_PP,CO2,0.0
316,2048,reg1,Hydro_PP,CO2,0.0
317,2049,reg1,Hydro_PP,CO2,0.0
318,2050,reg1,Hydro_PP,CO2,0.0
319,2022,reg1,Geo_PP,CO2,0.0
320,2023,reg1,Geo_PP,CO2,0.0
321,2024,reg1,Geo_PP,CO2,0.0
322,2025,reg1,Geo_PP,CO2,0.0
323,2026,reg1,Geo_PP,CO2,0.0
324,2027,reg1,Geo_PP,CO2,0.0
325,2028,reg1,Geo_PP,CO2,0.0
326,2029,reg1,Geo_PP,CO2,0.0
327,2030,reg1,Geo_PP,CO2,0.0
328,2031,reg1,Geo_PP,CO2,0.0
329,2032,reg1,Geo_PP,CO2,0.0
330,2033,reg1,Geo_PP,CO2,0.0
331,2034,reg1,Geo_PP,CO2,0.0
332,2035,reg1,Geo_PP,CO2,0.0
333,2036,reg1,Geo_PP,CO2,0.0
334,2037,reg1,Geo_PP,CO2,0.0
335,2038,reg1,Geo_PP,CO2,0.0
336,2039,reg1,Geo_PP,CO2,0.0
337,2040,reg1,Geo_PP,CO2,0.0
338,2041,reg1,Geo_PP,CO2,0.0
339,2042,reg1,Geo_PP,CO2,0.0
340,2043,reg1,Geo_PP,CO2,0.0
341,2044,reg1,Geo_PP,CO2,0.0
342,2045,reg1,Geo_PP,CO2,0.0
343,2046,reg1,Geo_PP,CO2,0.0
344,2047,reg1,Geo_PP,CO2,0.0
345,2048,reg1,Geo_PP,CO2,0.0
346,2049,reg1,Geo_PP,CO2,0.0
347,2050,reg1,Geo_PP,CO2,0.0
348,2022,reg1,Pump_hydro_PP,CO2,0.0
349,2023,reg1,Pump_hydro_PP,CO2,0.0
350,2024,reg1,Pump_hydro_PP,CO2,0.0
351,2025,reg1,Pump_hydro_PP,CO2,0.0
352,2026,reg1,Pump_hydro_PP,CO2,0.0
353,2027,reg1,Pump_hydro_PP,CO2,0.0
354,2028,reg1,Pump_hydro_PP,CO2,0.0
355,2029,reg1,Pump_hydro_PP,CO2,0.0
356,2030,reg1,Pump_hydro_PP,CO2,0.0
357,2031,reg1,Pump_hydro_PP,CO2,0.0
358,2032,reg1,Pump_hydro_PP,CO2,0.0
359,2033,reg1,Pump_hydro_PP,CO2,0.0
360,2034,reg1,Pump_hydro_PP,CO2,0.0
361,2035,reg1,Pump_hydro_PP,CO2,0.0
362,2036,reg1,Pump_hydro_PP,CO2,0.0
363,2037,reg1,Pump_hydro_PP,CO2,0.0
364,2038,reg1,Pump_hydro_PP,CO2,0.0
365,2039,reg1,Pump_hydro_PP,CO2,0.0
366,2040,reg1,Pump_hydro_PP,CO2,0.0
367,2041,reg1,Pump_hydro_PP,CO2,0.0
368,2042,reg1,Pump_hydro_PP,CO2,0.0
369,2043,reg1,Pump_hydro_PP,CO2,0.0
370,2044,reg1,Pump_hydro_PP,CO2,0.0
371,2045,reg1,Pump_hydro_PP,CO2,0.0
372,2046,reg1,Pump_hydro_PP,CO2,0.0
373,2047,reg1,Pump_hydro_PP,CO2,0.0
374,2048,reg1,Pump_hydro_PP,CO2,0.0
375,2049,reg1,Pump_hydro_PP,CO2,0.0
376,2050,reg1,Pump_hydro_PP,CO2,0.0
377,2022,reg1,SMR,CO2,0.0
378,2023,reg1,SMR,CO2,0.0
379,2024,reg1,SMR,CO2,0.0
380,2025,reg1,SMR,CO2,0.0
381,2026,reg1,SMR,CO2,0.0
382,2027,reg1,SMR,CO2,0.0
383,2028,reg1,SMR,CO2,0.0
384,2029,reg1,SMR,CO2,0.0
385,2030,reg1,SMR,CO2,0.0
386,2031,reg1,SMR,CO2,0.0
387,2032,reg1,SMR,CO2,0.0
388,2033,reg1,SMR,CO2,0.0
389,2034,reg1,SMR,CO2,0.0
390,2035,reg1,SMR,CO2,0.0
391,2036,reg1,SMR,CO2,0.0
392,2037,reg1,SMR,CO2,0.0
393,2038,reg1,SMR,CO2,0.0
394,2039,reg1,SMR,CO2,0.0
395,2040,reg1,SMR,CO2,0.0
396,2041,reg1,SMR,CO2,0.0
397,2042,reg1,SMR,CO2,0.0
398,2043,reg1,SMR,CO2,0.0
399,2044,reg1,SMR,CO2,0.0
400,2045,reg1,SMR,CO2,0.0
401,2046,reg1,SMR,CO2,0.0
402,2047,reg1,SMR,CO2,0.0
403,2048,reg1,SMR,CO2,0.0
404,2049,reg1,SMR,CO2,0.0
405,2050,reg1,SMR,CO2,0.0
406,2022,reg1,SMR_CCS,CO2,0.0
407,2023,reg1,SMR_CCS,CO2,0.0
408,2024,reg1,SMR_CCS,CO2,0.0
409,2025,reg1,SMR_CCS,CO2,0.0
410,2026,reg1,SMR_CCS,CO2,0.0
411,2027,reg1,SMR_CCS,CO2,0.0
412,2028,reg1,SMR_CCS,CO2,0.0
413,2029,reg1,SMR_CCS,CO2,0.0
414,2030,reg1,SMR_CCS,CO2,0.0
415,2031,reg1,SMR_CCS,CO2,0.0
416,2032,reg1,SMR_CCS,CO2,0.0
417,2033,reg1,SMR_CCS,CO2,0.0
418,2034,reg1,SMR_CCS,CO2,0.0
419,2035,reg1,SMR_CCS,CO2,0.0
420,2036,reg1,SMR_CCS,CO2,0.0
421,2037,reg1,SMR_CCS,CO2,0.0
422,2038,reg1,SMR_CCS,CO2,0.0
423,2039,reg1,SMR_CCS,CO2,0.0
424,2040,reg1,SMR_CCS,CO2,0.0
425,2041,reg1,SMR_CCS,CO2,0.0
426,2042,reg1,SMR_CCS,CO2,0.0
427,2043,reg1,SMR_CCS,CO2,0.0
428,2044,reg1,SMR_CCS,CO2,0.0
429,2045,reg1,SMR_CCS,CO2,0.0
430,2046,reg1,SMR_CCS,CO2,0.0
431,2047,reg1,SMR_CCS,CO2,0.0
432,2048,reg1,SMR_CCS,CO2,0.0
433,2049,reg1,SMR_CCS,CO2,0.0
434,2050,reg1,SMR_CCS,CO2,0.0
435,2022,reg1,Electrolysis,CO2,0.0
436,2023,reg1,Electrolysis,CO2,0.0
437,2024,reg1,Electrolysis,CO2,0.0
438,2025,reg1,Electrolysis,CO2,0.0
439,2026,reg1,Electrolysis,CO2,0.0
440,2027,reg1,Electrolysis,CO2,0.0
441,2028,reg1,Electrolysis,CO2,0.0
442,2029,reg1,Electrolysis,CO2,0.0
443,2030,reg1,Electrolysis,CO2,0.0
444,2031,reg1,Electrolysis,CO2,0.0
445,2032,reg1,Electrolysis,CO2,0.0
446,2033,reg1,Electrolysis,CO2,0.0
447,2034,reg1,Electrolysis,CO2,0.0
448,2035,reg1,Electrolysis,CO2,0.0
449,2036,reg1,Electrolysis,CO2,0.0
450,2037,reg1,Electrolysis,CO2,0.0
451,2038,reg1,Electrolysis,CO2,0.0
452,2039,reg1,Electrolysis,CO2,0.0
453,2040,reg1,Electrolysis,CO2,0.0
454,2041,reg1,Electrolysis,CO2,0.0
455,2042,reg1,Electrolysis,CO2,0.0
456,2043,reg1,Electrolysis,CO2,0.0
457,2044,reg1,Electrolysis,CO2,0.0
458,2045,reg1,Electrolysis,CO2,0.0
459,2046,reg1,Electrolysis,CO2,0.0
460,2047,reg1,Electrolysis,CO2,0.0
461,2048,reg1,Electrolysis,CO2,0.0
462,2049,reg1,Electrolysis,CO2,0.0
463,2050,reg1,Electrolysis,CO2,0.0
464,2022,reg1,E-fuels_synthesis,CO2,0.0
465,2023,reg1,E-fuels_synthesis,CO2,0.0
466,2024,reg1,E-fuels_synthesis,CO2,0.0
467,2025,reg1,E-fuels_synthesis,CO2,0.0
468,2026,reg1,E-fuels_synthesis,CO2,0.0
469,2027,reg1,E-fuels_synthesis,CO2,0.0
470,2028,reg1,E-fuels_synthesis,CO2,0.0
471,2029,reg1,E-fuels_synthesis,CO2,0.0
472,2030,reg1,E-fuels_synthesis,CO2,0.0
473,2031,reg1,E-fuels_synthesis,CO2,0.0
474,2032,reg1,E-fuels_synthesis,CO2,0.0
475,2033,reg1,E-fuels_synthesis,CO2,0.0
476,2034,reg1,E-fuels_synthesis,CO2,0.0
477,2035,reg1,E-fuels_synthesis,CO2,0.0
478,2036,reg1,E-fuels_synthesis,CO2,0.0
479,2037,reg1,E-fuels_synthesis,CO2,0.0
480,2038,reg1,E-fuels_synthesis,CO2,0.0
481,2039,reg1,E-fuels_synthesis,CO2,0.0
482,2040,reg1,E-fuels_synthesis,CO2,0.0
483,2041,reg1,E-fuels_synthesis,CO2,0.0
484,2042,reg1,E-fuels_synthesis,CO2,0.0
485,2043,reg1,E-fuels_synthesis,CO2,0.0
486,2044,reg1,E-fuels_synthesis,CO2,0.0
487,2045,reg1,E-fuels_synthesis,CO2,0.0
488,2046,reg1,E-fuels_synthesis,CO2,0.0
489,2047,reg1,E-fuels_synthesis,CO2,0.0
490,2048,reg1,E-fuels_synthesis,CO2,0.0
491,2049,reg1,E-fuels_synthesis,CO2,0.0
492,2050,reg1,E-fuels_synthesis,CO2,0.0
493,2022,reg1,Heat_pumps,CO2,0.0
494,2023,reg1,Heat_pumps,CO2,0.0
495,2024,reg1,Heat_pumps,CO2,0.0
496,2025,reg1,Heat_pumps,CO2,0.0
497,2026,reg1,Heat_pumps,CO2,0.0
498,2027,reg1,Heat_pumps,CO2,0.0
499,2028,reg1,Heat_pumps,CO2,0.0
500,2029,reg1,Heat_pumps,CO2,0.0
501,2030,reg1,Heat_pumps,CO2,0.0
502,2031,reg1,Heat_pumps,CO2,0.0
503,2032,reg1,Heat_pumps,CO2,0.0
504,2033,reg1,Heat_pumps,CO2,0.0
505,2034,reg1,Heat_pumps,CO2,0.0
506,2035,reg1,Heat_pumps,CO2,0.0
507,2036,reg1,Heat_pumps,CO2,0.0
508,2037,reg1,Heat_pumps,CO2,0.0
509,2038,reg1,Heat_pumps,CO2,0.0
510,2039,reg1,Heat_pumps,CO2,0.0
511,2040,reg1,Heat_pumps,CO2,0.0
512,2041,reg1,Heat_pumps,CO2,0.0
513,2042,reg1,Heat_pumps,CO2,0.0
514,2043,reg1,Heat_pumps,CO2,0.0
515,2044,reg1,Heat_pumps,CO2,0.0
516,2045,reg1,Heat_pumps,CO2,0.0
517,2046,reg1,Heat_pumps,CO2,0.0
518,2047,reg1,Heat_pumps,CO2,0.0
519,2048,reg1,Heat_pumps,CO2,0.0
520,2049,reg1,Heat_pumps,CO2,0.0
521,2050,reg1,Heat_pumps,CO2,0.0
522,2022,reg1,Oil_PP,CO2,0.0
523,2023,reg1,Oil_PP,CO2,0.0
524,2024,reg1,Oil_PP,CO2,0.0
525,2025,reg1,Oil_PP,CO2,0.0
526,2026,reg1,Oil_PP,CO2,0.0
527,2027,reg1,Oil_PP,CO2,0.0
528,2028,reg1,Oil_PP,CO2,0.0
529,2029,reg1,Oil_PP,CO2,0.0
530,2030,reg1,Oil_PP,CO2,0.0
531,2031,reg1,Oil_PP,CO2,0.0
532,2032,reg1,Oil_PP,CO2,0.0
533,2033,reg1,Oil_PP,CO2,0.0
534,2034,reg1,Oil_PP,CO2,0.0
535,2035,reg1,Oil_PP,CO2,0.0
536,2036,reg1,Oil_PP,CO2,0.0
537,2037,reg1,Oil_PP,CO2,0.0
538,2038,reg1,Oil_PP,CO2,0.0
539,2039,reg1,Oil_PP,CO2,0.0
540,2040,reg1,Oil_PP,CO2,0.0
541,2041,reg1,Oil_PP,CO2,0.0
542,2042,reg1,Oil_PP,CO2,0.0
543,2043,reg1,Oil_PP,CO2,0.0
544,2044,reg1,Oil_PP,CO2,0.0
545,2045,reg1,Oil_PP,CO2,0.0
546,2046,reg1,Oil_PP,CO2,0.0
547,2047,reg1,Oil_PP,CO2,0.0
548,2048,reg1,Oil_PP,CO2,0.0
549,2049,reg1,Oil_PP,CO2,0.0
550,2050,reg1,Oil_PP,CO2,0.0
551,2022,reg1,NG_PP,CO2,0.0
552,2023,reg1,NG_PP,CO2,0.0
553,2024,reg1,NG_PP,CO2,0.0
554,2025,reg1,NG_PP,CO2,0.0
555,2026,reg1,NG_PP,CO2,0.0
556,2027,reg1,NG_PP,CO2,0.0
557,2028,reg1,NG_PP,CO2,0.0
558,2029,reg1,NG_PP,CO2,0.0
559,2030,reg1,NG_PP,CO2,0.0
560,2031,reg1,NG_PP,CO2,0.0
561,2032,reg1,NG_PP,CO2,0.0
562,2033,reg1,NG_PP,CO2,0.0
563,2034,reg1,NG_PP,CO2,0.0
564,2035,reg1,NG_PP,CO2,0.0
565,2036,reg1,NG_PP,CO2,0.0
566,2037,reg1,NG_PP,CO2,0.0
567,2038,reg1,NG_PP,CO2,0.0
568,2039,reg1,NG_PP,CO2,0.0
569,2040,reg1,NG_PP,CO2,0.0
570,2041,reg1,NG_PP,CO2,0.0
571,2042,reg1,NG_PP,CO2,0.0
572,2043,reg1,NG_PP,CO2,0.0
573,2044,reg1,NG_PP,CO2,0.0
574,2045,reg1,NG_PP,CO2,0.0
575,2046,reg1,NG_PP,CO2,0.0
576,2047,reg1,NG_PP,CO2,0.0
577,2048,reg1,NG_PP,CO2,0.0
578,2049,reg1,NG_PP,CO2,0.0
579,2050,reg1,NG_PP,CO2,0.0
580,2022,reg1,NG_PP_CCS,CO2,0.0
581,2023,reg1,NG_PP_CCS,CO2,0.0
582,2024,reg1,NG_PP_CCS,CO2,0.0
583,2025,reg1,NG_PP_CCS,CO2,0.0
584,2026,reg1,NG_PP_CCS,CO2,0.0
585,2027,reg1,NG_PP_CCS,CO2,0.0
586,2028,reg1,NG_PP_CCS,CO2,0.0
587,2029,reg1,NG_PP_CCS,CO2,0.0
588,2030,reg1,NG_PP_CCS,CO2,0.0
589,2031,reg1,NG_PP_CCS,CO2,0.0
590,2032,reg1,NG_PP_CCS,CO2,0.0
591,2033,reg1,NG_PP_CCS,CO2,0.0
592,2034,reg1,NG_PP_CCS,CO2,0.0
593,2035,reg1,NG_PP_CCS,CO2,0.0
594,2036,reg1,NG_PP_CCS,CO2,0.0
595,2037,reg1,NG_PP_CCS,CO2,0.0
596,2038,reg1,NG_PP_CCS,CO2,0.0
597,2039,reg1,NG_PP_CCS,CO2,0.0
598,2040,reg1,NG_PP_CCS,CO2,0.0
599,2041,reg1,NG_PP_CCS,CO2,0.0
600,2042,reg1,NG_PP_CCS,CO2,0.0
601,2043,reg1,NG_PP_CCS,CO2,0.0
602,2044,reg1,NG_PP_CCS,CO2,0.0
603,2045,reg1,NG_PP_CCS,CO2,0.0
604,2046,reg1,NG_PP_CCS,CO2,0.0
605,2047,reg1,NG_PP_CCS,CO2,0.0
606,2048,reg1,NG_PP_CCS,CO2,0.0
607,2049,reg1,NG_PP_CCS,CO2,0.0
608,2050,reg1,NG_PP_CCS,CO2,0.0
609,2022,reg1,SFF_PP,CO2,0.0
610,2023,reg1,SFF_PP,CO2,0.0
611,2024,reg1,SFF_PP,CO2,0.0
612,2025,reg1,SFF_PP,CO2,0.0
613,2026,reg1,SFF_PP,CO2,0.0
614,2027,reg1,SFF_PP,CO2,0.0
615,2028,reg1,SFF_PP,CO2,0.0
616,2029,reg1,SFF_PP,CO2,0.0
617,2030,reg1,SFF_PP,CO2,0.0
618,2031,reg1,SFF_PP,CO2,0.0
619,2032,reg1,SFF_PP,CO2,0.0
620,2033,reg1,SFF_PP,CO2,0.0
621,2034,reg1,SFF_PP,CO2,0.0
622,2035,reg1,SFF_PP,CO2,0.0
623,2036,reg1,SFF_PP,CO2,0.0
624,2037,reg1,SFF_PP,CO2,0.0
625,2038,reg1,SFF_PP,CO2,0.0
626,2039,reg1,SFF_PP,CO2,0.0
627,2040,reg1,SFF_PP,CO2,0.0
628,2041,reg1,SFF_PP,CO2,0.0
629,2042,reg1,SFF_PP,CO2,0.0
630,2043,reg1,SFF_PP,CO2,0.0
631,2044,reg1,SFF_PP,CO2,0.0
632,2045,reg1,SFF_PP,CO2,0.0
633,2046,reg1,SFF_PP,CO2,0.0
634,2047,reg1,SFF_PP,CO2,0.0
635,2048,reg1,SFF_PP,CO2,0.0
636,2049,reg1,SFF_PP,CO2,0.0
637,2050,reg1,SFF_PP,CO2,0.0
638,2022,reg1,Oil_refinery,CO2,0.0
639,2023,reg1,Oil_refinery,CO2,0.0
640,2024,reg1,Oil_refinery,CO2,0.0
641,2025,reg1,Oil_refinery,CO2,0.0
642,2026,reg1,Oil_refinery,CO2,0.0
643,2027,reg1,Oil_refinery,CO2,0.0
644,2028,reg1,Oil_refinery,CO2,0.0
645,2029,reg1,Oil_refinery,CO2,0.0
646,2030,reg1,Oil_refinery,CO2,0.0
647,2031,reg1,Oil_refinery,CO2,0.0
648,2032,reg1,Oil_refinery,CO2,0.0
649,2033,reg1,Oil_refinery,CO2,0.0
650,2034,reg1,Oil_refinery,CO2,0.0
651,2035,reg1,Oil_refinery,CO2,0.0
652,2036,reg1,Oil_refinery,CO2,0.0
653,2037,reg1,Oil_refinery,CO2,0.0
654,2038,reg1,Oil_refinery,CO2,0.0
655,2039,reg1,Oil_refinery,CO2,0.0
656,2040,reg1,Oil_refinery,CO2,0.0
657,2041,reg1,Oil_refinery,CO2,0.0
658,2042,reg1,Oil_refinery,CO2,0.0
659,2043,reg1,Oil_refinery,CO2,0.0
660,2044,reg1,Oil_refinery,CO2,0.0
661,2045,reg1,Oil_refinery,CO2,0.0
662,2046,reg1,Oil_refinery,CO2,0.0
663,2047,reg1,Oil_refinery,CO2,0.0
664,2048,reg1,Oil_refinery,CO2,0.0
665,2049,reg1,Oil_refinery,CO2,0.0
666,2050,reg1,Oil_refinery,CO2,0.0
667,2022,reg1,Bio_refinery,CO2,0.0
668,2023,reg1,Bio_refinery,CO2,0.0
669,2024,reg1,Bio_refinery,CO2,0.0
670,2025,reg1,Bio_refinery,CO2,0.0
671,2026,reg1,Bio_refinery,CO2,0.0
672,2027,reg1,Bio_refinery,CO2,0.0
673,2028,reg1,Bio_refinery,CO2,0.0
674,2029,reg1,Bio_refinery,CO2,0.0
675,2030,reg1,Bio_refinery,CO2,0.0
676,2031,reg1,Bio_refinery,CO2,0.0
677,2032,reg1,Bio_refinery,CO2,0.0
678,2033,reg1,Bio_refinery,CO2,0.0
679,2034,reg1,Bio_refinery,CO2,0.0
680,2035,reg1,Bio_refinery,CO2,0.0
681,2036,reg1,Bio_refinery,CO2,0.0
682,2037,reg1,Bio_refinery,CO2,0.0
683,2038,reg1,Bio_refinery,CO2,0.0
684,2039,reg1,Bio_refinery,CO2,0.0
685,2040,reg1,Bio_refinery,CO2,0.0
686,2041,reg1,Bio_refinery,CO2,0.0
687,2042,reg1,Bio_refinery,CO2,0.0
688,2043,reg1,Bio_refinery,CO2,0.0
689,2044,reg1,Bio_refinery,CO2,0.0
690,2045,reg1,Bio_refinery,CO2,0.0
691,2046,reg1,Bio_refinery,CO2,0.0
692,2047,reg1,Bio_refinery,CO2,0.0
693,2048,reg1,Bio_refinery,CO2,0.0
694,2049,reg1,Bio_refinery,CO2,0.0
695,2050,reg1,Bio_refinery,CO2,0.0
696,2022,reg1,Transport_biofuels_blending,CO2,0.0
697,2023,reg1,Transport_biofuels_blending,CO2,0.0
698,2024,reg1,Transport_biofuels_blending,CO2,0.0
699,2025,reg1,Transport_biofuels_blending,CO2,0.0
700,2026,reg1,Transport_biofuels_blending,CO2,0.0
701,2027,reg1,Transport_biofuels_blending,CO2,0.0
702,2028,reg1,Transport_biofuels_blending,CO2,0.0
703,2029,reg1,Transport_biofuels_blending,CO2,0.0
704,2030,reg1,Transport_biofuels_blending,CO2,0.0
705,2031,reg1,Transport_biofuels_blending,CO2,0.0
706,2032,reg1,Transport_biofuels_blending,CO2,0.0
707,2033,reg1,Transport_biofuels_blending,CO2,0.0
708,2034,reg1,Transport_biofuels_blending,CO2,0.0
709,2035,reg1,Transport_biofuels_blending,CO2,0.0
710,2036,reg1,Transport_biofuels_blending,CO2,0.0
711,2037,reg1,Transport_biofuels_blending,CO2,0.0
712,2038,reg1,Transport_biofuels_blending,CO2,0.0
713,2039,reg1,Transport_biofuels_blending,CO2,0.0
714,2040,reg1,Transport_biofuels_blending,CO2,0.0
715,2041,reg1,Transport_biofuels_blending,CO2,0.0
716,2042,reg1,Transport_biofuels_blending,CO2,0.0
717,2043,reg1,Transport_biofuels_blending,CO2,0.0
718,2044,reg1,Transport_biofuels_blending,CO2,0.0
719,2045,reg1,Transport_biofuels_blending,CO2,0.0
720,2046,reg1,Transport_biofuels_blending,CO2,0.0
721,2047,reg1,Transport_biofuels_blending,CO2,0.0
722,2048,reg1,Transport_biofuels_blending,CO2,0.0
723,2049,reg1,Transport_biofuels_blending,CO2,0.0
724,2050,reg1,Transport_biofuels_blending,CO2,0.0
725,2022,reg1,BW_CHP_P,CO2,0.0
726,2023,reg1,BW_CHP_P,CO2,0.0
727,2024,reg1,BW_CHP_P,CO2,0.0
728,2025,reg1,BW_CHP_P,CO2,0.0
729,2026,reg1,BW_CHP_P,CO2,0.0
730,2027,reg1,BW_CHP_P,CO2,0.0
731,2028,reg1,BW_CHP_P,CO2,0.0
732,2029,reg1,BW_CHP_P,CO2,0.0
733,2030,reg1,BW_CHP_P,CO2,0.0
734,2031,reg1,BW_CHP_P,CO2,0.0
735,2032,reg1,BW_CHP_P,CO2,0.0
736,2033,reg1,BW_CHP_P,CO2,0.0
737,2034,reg1,BW_CHP_P,CO2,0.0
738,2035,reg1,BW_CHP_P,CO2,0.0
739,2036,reg1,BW_CHP_P,CO2,0.0
740,2037,reg1,BW_CHP_P,CO2,0.0
741,2038,reg1,BW_CHP_P,CO2,0.0
742,2039,reg1,BW_CHP_P,CO2,0.0
743,2040,reg1,BW_CHP_P,CO2,0.0
744,2041,reg1,BW_CHP_P,CO2,0.0
745,2042,reg1,BW_CHP_P,CO2,0.0
746,2043,reg1,BW_CHP_P,CO2,0.0
747,2044,reg1,BW_CHP_P,CO2,0.0
748,2045,reg1,BW_CHP_P,CO2,0.0
749,2046,reg1,BW_CHP_P,CO2,0.0
750,2047,reg1,BW_CHP_P,CO2,0.0
751,2048,reg1,BW_CHP_P,CO2,0.0
752,2049,reg1,BW_CHP_P,CO2,0.0
753,2050,reg1,BW_CHP_P,CO2,0.0
754,2022,reg1,NG_CHP_P,CO2,0.0
755,2023,reg1,NG_CHP_P,CO2,0.0
756,2024,reg1,NG_CHP_P,CO2,0.0
757,2025,reg1,NG_CHP_P,CO2,0.0
758,2026,reg1,NG_CHP_P,CO2,0.0
759,2027,reg1,NG_CHP_P,CO2,0.0
760,2028,reg1,NG_CHP_P,CO2,0.0
761,2029,reg1,NG_CHP_P,CO2,0.0
762,2030,reg1,NG_CHP_P,CO2,0.0
763,2031,reg1,NG_CHP_P,CO2,0.0
764,2032,reg1,NG_CHP_P,CO2,0.0
765,2033,reg1,NG_CHP_P,CO2,0.0
766,2034,reg1,NG_CHP_P,CO2,0.0
767,2035,reg1,NG_CHP_P,CO2,0.0
768,2036,reg1,NG_CHP_P,CO2,0.0
769,2037,reg1,NG_CHP_P,CO2,0.0
770,2038,reg1,NG_CHP_P,CO2,0.0
771,2039,reg1,NG_CHP_P,CO2,0.0
772,2040,reg1,NG_CHP_P,CO2,0.0
773,2041,reg1,NG_CHP_P,CO2,0.0
774,2042,reg1,NG_CHP_P,CO2,0.0
775,2043,reg1,NG_CHP_P,CO2,0.0
776,2044,reg1,NG_CHP_P,CO2,0.0
777,2045,reg1,NG_CHP_P,CO2,0.0
778,2046,reg1,NG_CHP_P,CO2,0.0
779,2047,reg1,NG_CHP_P,CO2,0.0
780,2048,reg1,NG_CHP_P,CO2,0.0
781,2049,reg1,NG_CHP_P,CO2,0.0
782,2050,reg1,NG_CHP_P,CO2,0.0
783,2022,reg1,Civil_and_agriculture_mix,CO2,0.0
784,2023,reg1,Civil_and_agriculture_mix,CO2,0.0
785,2024,reg1,Civil_and_agriculture_mix,CO2,0.0
786,2025,reg1,Civil_and_agriculture_mix,CO2,0.0
787,2026,reg1,Civil_and_agriculture_mix,CO2,0.0
788,2027,reg1,Civil_and_agriculture_mix,CO2,0.0
789,2028,reg1,Civil_and_agriculture_mix,CO2,0.0
790,2029,reg1,Civil_and_agriculture_mix,CO2,0.0
791,2030,reg1,Civil_and_agriculture_mix,CO2,0.0
792,2031,reg1,Civil_and_agriculture_mix,CO2,0.0
793,2032,reg1,Civil_and_agriculture_mix,CO2,0.0
794,2033,reg1,Civil_and_agriculture_mix,CO2,0.0
795,2034,reg1,Civil_and_agriculture_mix,CO2,0.0
796,2035,reg1,Civil_and_agriculture_mix,CO2,0.0
797,2036,reg1,Civil_and_agriculture_mix,CO2,0.0
798,2037,reg1,Civil_and_agriculture_mix,CO2,0.0
799,2038,reg1,Civil_and_agriculture_mix,CO2,0.0
800,2039,reg1,Civil_and_agriculture_mix,CO2,0.0
801,2040,reg1,Civil_and_agriculture_mix,CO2,0.0
802,2041,reg1,Civil_and_agriculture_mix,CO2,0.0
803,2042,reg1,Civil_and_agriculture_mix,CO2,0.0
804,2043,reg1,Civil_and_agriculture_mix,CO2,0.0
805,2044,reg1,Civil_and_agriculture_mix,CO2,0.0
806,2045,reg1,Civil_and_agriculture_mix,CO2,0.0
807,2046,reg1,Civil_and_agriculture_mix,CO2,0.0
808,2047,reg1,Civil_and_agriculture_mix,CO2,0.0
809,2048,reg1,Civil_and_agriculture_mix,CO2,0.0
810,2049,reg1,Civil_and_agriculture_mix,CO2,0.0
811,2050,reg1,Civil_and_agriculture_mix,CO2,0.0
812,2022,reg1,Transport_mix,CO2,0.0
813,2023,reg1,Transport_mix,CO2,0.0
814,2024,reg1,Transport_mix,CO2,0.0
815,2025,reg1,Transport_mix,CO2,0.0
816,2026,reg1,Transport_mix,CO2,0.0
817,2027,reg1,Transport_mix,CO2,0.0
818,2028,reg1,Transport_mix,CO2,0.0
819,2029,reg1,Transport_mix,CO2,0.0
820,2030,reg1,Transport_mix,CO2,0.0
821,2031,reg1,Transport_mix,CO2,0.0
822,2032,reg1,Transport_mix,CO2,0.0
823,2033,reg1,Transport_mix,CO2,0.0
824,2034,reg1,Transport_mix,CO2,0.0
825,2035,reg1,Transport_mix,CO2,0.0
826,2036,reg1,Transport_mix,CO2,0.0
827,2037,reg1,Transport_mix,CO2,0.0
828,2038,reg1,Transport_mix,CO2,0.0
829,2039,reg1,Transport_mix,CO2,0.0
830,2040,reg1,Transport_mix,CO2,0.0
831,2041,reg1,Transport_mix,CO2,0.0
832,2042,reg1,Transport_mix,CO2,0.0
833,2043,reg1,Transport_mix,CO2,0.0
834,2044,reg1,Transport_mix,CO2,0.0
835,2045,reg1,Transport_mix,CO2,0.0
836,2046,reg1,Transport_mix,CO2,0.0
837,2047,reg1,Transport_mix,CO2,0.0
838,2048,reg1,Transport_mix,CO2,0.0
839,2049,reg1,Transport_mix,CO2,0.0
840,2050,reg1,Transport_mix,CO2,0.0
841,2022,reg1,Industry_mix,CO2,0.0
842,2023,reg1,Industry_mix,CO2,0.0
843,2024,reg1,Industry_mix,CO2,0.0
844,2025,reg1,Industry_mix,CO2,0.0
845,2026,reg1,Industry_mix,CO2,0.0
846,2027,reg1,Industry_mix,CO2,0.0
847,2028,reg1,Industry_mix,CO2,0.0
848,2029,reg1,Industry_mix,CO2,0.0
849,2030,reg1,Industry_mix,CO2,0.0
850,2031,reg1,Industry_mix,CO2,0.0
851,2032,reg1,Industry_mix,CO2,0.0
852,2033,reg1,Industry_mix,CO2,0.0
853,2034,reg1,Industry_mix,CO2,0.0
854,2035,reg1,Industry_mix,CO2,0.0
855,2036,reg1,Industry_mix,CO2,0.0
856,2037,reg1,Industry_mix,CO2,0.0
857,2038,reg1,Industry_mix,CO2,0.0
858,2039,reg1,Industry_mix,CO2,0.0
859,2040,reg1,Industry_mix,CO2,0.0
860,2041,reg1,Industry_mix,CO2,0.0
861,2042,reg1,Industry_mix,CO2,0.0
862,2043,reg1,Industry_mix,CO2,0.0
863,2044,reg1,Industry_mix,CO2,0.0
864,2045,reg1,Industry_mix,CO2,0.0
865,2046,reg1,Industry_mix,CO2,0.0
866,2047,reg1,Industry_mix,CO2,0.0
867,2048,reg1,Industry_mix,CO2,0.0
868,2049,reg1,Industry_mix,CO2,0.0
869,2050,reg1,Industry_mix,CO2,0.0
870,2022,reg1,Export_mix,CO2,0.0
871,2023,reg1,Export_mix,CO2,0.0
872,2024,reg1,Export_mix,CO2,0.0
873,2025,reg1,Export_mix,CO2,0.0
874,2026,reg1,Export_mix,CO2,0.0
875,2027,reg1,Export_mix,CO2,0.0
876,2028,reg1,Export_mix,CO2,0.0
877,2029,reg1,Export_mix,CO2,0.0
878,2030,reg1,Export_mix,CO2,0.0
879,2031,reg1,Export_mix,CO2,0.0
880,2032,reg1,Export_mix,CO2,0.0
881,2033,reg1,Export_mix,CO2,0.0
882,2034,reg1,Export_mix,CO2,0.0
883,2035,reg1,Export_mix,CO2,0.0
884,2036,reg1,Export_mix,CO2,0.0
885,2037,reg1,Export_mix,CO2,0.0
886,2038,reg1,Export_mix,CO2,0.0
887,2039,reg1,Export_mix,CO2,0.0
888,2040,reg1,Export_mix,CO2,0.0
889,2041,reg1,Export_mix,CO2,0.0
890,2042,reg1,Export_mix,CO2,0.0
891,2043,reg1,Export_mix,CO2,0.0
892,2044,reg1,Export_mix,CO2,0.0
893,2045,reg1,Export_mix,CO2,0.0
894,2046,reg1,Export_mix,CO2,0.0
895,2047,reg1,Export_mix,CO2,0.0
896,2048,reg1,Export_mix,CO2,0.0
897,2049,reg1,Export_mix,CO2,0.0
898,2050,reg1,Export_mix,CO2,0.0
