,Year,Region,Technology,Carrier,Value
0,2022,reg1,Hydrogen_ST,Hydrogen,0.0
1,2023,reg1,Hydrogen_ST,Hydrogen,0.0
2,2024,reg1,Hydrogen_ST,Hydrogen,0.0
3,2025,reg1,Hydrogen_ST,Hydrogen,0.0
4,2026,reg1,Hydrogen_ST,Hydrogen,0.0
5,2027,reg1,Hydrogen_ST,Hydrogen,0.0
6,2028,reg1,Hydrogen_ST,Hydrogen,0.0
7,2029,reg1,Hydrogen_ST,Hydrogen,0.0
8,2030,reg1,Hydrogen_ST,Hydrogen,0.0
9,2031,reg1,Hydrogen_ST,Hydrogen,0.0
10,2032,reg1,Hydrogen_ST,Hydrogen,0.0
11,2033,reg1,Hydrogen_ST,Hydrogen,0.0
12,2034,reg1,Hydrogen_ST,Hydrogen,0.0
13,2035,reg1,Hydrogen_ST,Hydrogen,0.0
14,2036,reg1,Hydrogen_ST,Hydrogen,0.0
15,2037,reg1,Hydrogen_ST,Hydrogen,0.0
16,2038,reg1,Hydrogen_ST,Hydrogen,0.0
17,2039,reg1,Hydrogen_ST,Hydrogen,0.0
18,2040,reg1,Hydrogen_ST,Hydrogen,0.0
19,2041,reg1,Hydrogen_ST,Hydrogen,0.0
20,2042,reg1,Hydrogen_ST,Hydrogen,0.0
21,2043,reg1,Hydrogen_ST,Hydrogen,0.0
22,2044,reg1,Hydrogen_ST,Hydrogen,0.0
23,2045,reg1,Hydrogen_ST,Hydrogen,0.0
24,2046,reg1,Hydrogen_ST,Hydrogen,0.0
25,2047,reg1,Hydrogen_ST,Hydrogen,0.0
26,2048,reg1,Hydrogen_ST,Hydrogen,0.0
27,2049,reg1,Hydrogen_ST,Hydrogen,0.0
28,2050,reg1,Hydrogen_ST,Hydrogen,0.0
29,2022,reg1,Electrochemical_ST,Electricity,0.0
30,2023,reg1,Electrochemical_ST,Electricity,0.0
31,2024,reg1,Electrochemical_ST,Electricity,0.0
32,2025,reg1,Electrochemical_ST,Electricity,0.0
33,2026,reg1,Electrochemical_ST,Electricity,0.0
34,2027,reg1,Electrochemical_ST,Electricity,0.0
35,2028,reg1,Electrochemical_ST,Electricity,0.0
36,2029,reg1,Electrochemical_ST,Electricity,0.0
37,2030,reg1,Electrochemical_ST,Electricity,0.0
38,2031,reg1,Electrochemical_ST,Electricity,0.0
39,2032,reg1,Electrochemical_ST,Electricity,0.0
40,2033,reg1,Electrochemical_ST,Electricity,0.0
41,2034,reg1,Electrochemical_ST,Electricity,0.0
42,2035,reg1,Electrochemical_ST,Electricity,0.0
43,2036,reg1,Electrochemical_ST,Electricity,0.0
44,2037,reg1,Electrochemical_ST,Electricity,0.0
45,2038,reg1,Electrochemical_ST,Electricity,0.0
46,2039,reg1,Electrochemical_ST,Electricity,0.0
47,2040,reg1,Electrochemical_ST,Electricity,0.0
48,2041,reg1,Electrochemical_ST,Electricity,0.0
49,2042,reg1,Electrochemical_ST,Electricity,0.0
50,2043,reg1,Electrochemical_ST,Electricity,0.0
51,2044,reg1,Electrochemical_ST,Electricity,0.0
52,2045,reg1,Electrochemical_ST,Electricity,0.0
53,2046,reg1,Electrochemical_ST,Electricity,0.0
54,2047,reg1,Electrochemical_ST,Electricity,0.0
55,2048,reg1,Electrochemical_ST,Electricity,0.0
56,2049,reg1,Electrochemical_ST,Electricity,0.0
57,2050,reg1,Electrochemical_ST,Electricity,0.0
58,2022,reg1,Pump_hydro_ST,Electricity,0.0
59,2023,reg1,Pump_hydro_ST,Electricity,0.0
60,2024,reg1,Pump_hydro_ST,Electricity,0.0
61,2025,reg1,Pump_hydro_ST,Electricity,0.0
62,2026,reg1,Pump_hydro_ST,Electricity,0.0
63,2027,reg1,Pump_hydro_ST,Electricity,0.0
64,2028,reg1,Pump_hydro_ST,Electricity,5.6400916501542655
65,2029,reg1,Pump_hydro_ST,Electricity,5.526078584019195
66,2030,reg1,Pump_hydro_ST,Electricity,0.0
67,2031,reg1,Pump_hydro_ST,Electricity,0.0
68,2032,reg1,Pump_hydro_ST,Electricity,5.18639169297203
69,2033,reg1,Pump_hydro_ST,Electricity,5.073940102673664
70,2034,reg1,Pump_hydro_ST,Electricity,6.379303381803336
71,2035,reg1,Pump_hydro_ST,Electricity,4.858501496849026
72,2036,reg1,Pump_hydro_ST,Electricity,4.746995461348938
73,2037,reg1,Pump_hydro_ST,Electricity,4.635870237313981
74,2038,reg1,Pump_hydro_ST,Electricity,4.525123877268868
75,2039,reg1,Pump_hydro_ST,Electricity,4.414754446994955
76,2040,reg1,Pump_hydro_ST,Electricity,4.304760025417593
77,2041,reg1,Pump_hydro_ST,Electricity,4.19513870449471
78,2042,reg1,Pump_hydro_ST,Electricity,4.085888589106446
79,2043,reg1,Pump_hydro_ST,Electricity,3.9770077969459408
80,2044,reg1,Pump_hydro_ST,Electricity,8.90515379170418
81,2045,reg1,Pump_hydro_ST,Electricity,3.933083071182419
82,2046,reg1,Pump_hydro_ST,Electricity,3.8199331267973946
83,2047,reg1,Pump_hydro_ST,Electricity,3.7071875624915265
84,2048,reg1,Pump_hydro_ST,Electricity,3.594844214345798
85,2049,reg1,Pump_hydro_ST,Electricity,3.4829009338525054
86,2050,reg1,Pump_hydro_ST,Electricity,3.371460435567357
87,2022,reg1,SMR,Natural_gas,0.0
88,2023,reg1,SMR,Natural_gas,35188.80975326909
89,2024,reg1,SMR,Natural_gas,36754.01534138258
90,2025,reg1,SMR,Natural_gas,38317.51972088733
91,2026,reg1,SMR,Natural_gas,39805.215303616686
92,2027,reg1,SMR,Natural_gas,41326.953150966656
93,2028,reg1,SMR,Natural_gas,42849.238443441835
94,2029,reg1,SMR,Natural_gas,44362.85962977611
95,2030,reg1,SMR,Natural_gas,45845.123194862725
96,2031,reg1,SMR,Natural_gas,46682.91498533714
97,2032,reg1,SMR,Natural_gas,47476.28698776381
98,2033,reg1,SMR,Natural_gas,48294.942295176195
99,2034,reg1,SMR,Natural_gas,49116.191441611925
100,2035,reg1,SMR,Natural_gas,49938.39973192467
101,2036,reg1,SMR,Natural_gas,50771.35428152321
102,2037,reg1,SMR,Natural_gas,51590.05293123807
103,2038,reg1,SMR,Natural_gas,52418.95294185662
104,2039,reg1,SMR,Natural_gas,53249.9018931164
105,2040,reg1,SMR,Natural_gas,54082.89978501738
106,2041,reg1,SMR,Natural_gas,54352.37551720349
107,2042,reg1,SMR,Natural_gas,54602.52033676411
108,2043,reg1,SMR,Natural_gas,54862.330612637474
109,2044,reg1,SMR,Natural_gas,55122.14088851084
110,2045,reg1,SMR,Natural_gas,55363.74714291583
111,2046,reg1,SMR,Natural_gas,55641.761440257564
112,2047,reg1,SMR,Natural_gas,55901.57171613093
113,2048,reg1,SMR,Natural_gas,56161.381992004295
114,2049,reg1,SMR,Natural_gas,56182.80790845516
115,2050,reg1,SMR,Natural_gas,56112.82464327659
116,2022,reg1,SMR_CCS,Natural_gas,0.0
117,2023,reg1,SMR_CCS,Natural_gas,0.0
118,2024,reg1,SMR_CCS,Natural_gas,0.0
119,2025,reg1,SMR_CCS,Natural_gas,0.0
120,2026,reg1,SMR_CCS,Natural_gas,0.0
121,2027,reg1,SMR_CCS,Natural_gas,0.0
122,2028,reg1,SMR_CCS,Natural_gas,0.0
123,2029,reg1,SMR_CCS,Natural_gas,0.0
124,2030,reg1,SMR_CCS,Natural_gas,0.0
125,2031,reg1,SMR_CCS,Natural_gas,0.0
126,2032,reg1,SMR_CCS,Natural_gas,0.0
127,2033,reg1,SMR_CCS,Natural_gas,0.0
128,2034,reg1,SMR_CCS,Natural_gas,0.0
129,2035,reg1,SMR_CCS,Natural_gas,0.0
130,2036,reg1,SMR_CCS,Natural_gas,0.0
131,2037,reg1,SMR_CCS,Natural_gas,0.0
132,2038,reg1,SMR_CCS,Natural_gas,0.0
133,2039,reg1,SMR_CCS,Natural_gas,0.0
134,2040,reg1,SMR_CCS,Natural_gas,0.0
135,2041,reg1,SMR_CCS,Natural_gas,0.0
136,2042,reg1,SMR_CCS,Natural_gas,0.0
137,2043,reg1,SMR_CCS,Natural_gas,0.0
138,2044,reg1,SMR_CCS,Natural_gas,0.0
139,2045,reg1,SMR_CCS,Natural_gas,0.0
140,2046,reg1,SMR_CCS,Natural_gas,0.0
141,2047,reg1,SMR_CCS,Natural_gas,0.0
142,2048,reg1,SMR_CCS,Natural_gas,0.0
143,2049,reg1,SMR_CCS,Natural_gas,0.0
144,2050,reg1,SMR_CCS,Natural_gas,0.0
145,2022,reg1,Electrolysis,Electricity,0.0
146,2023,reg1,Electrolysis,Electricity,0.0
147,2024,reg1,Electrolysis,Electricity,0.0
148,2025,reg1,Electrolysis,Electricity,0.0
149,2026,reg1,Electrolysis,Electricity,0.0
150,2027,reg1,Electrolysis,Electricity,0.0
151,2028,reg1,Electrolysis,Electricity,0.0
152,2029,reg1,Electrolysis,Electricity,0.0
153,2030,reg1,Electrolysis,Electricity,0.0
154,2031,reg1,Electrolysis,Electricity,0.0
155,2032,reg1,Electrolysis,Electricity,23.776563297007527
156,2033,reg1,Electrolysis,Electricity,24.320111964317746
157,2034,reg1,Electrolysis,Electricity,24.320111964317746
158,2035,reg1,Electrolysis,Electricity,24.320111964317746
159,2036,reg1,Electrolysis,Electricity,22.157119886993897
160,2037,reg1,Electrolysis,Electricity,26.507803781452676
161,2038,reg1,Electrolysis,Electricity,27.058101022709923
162,2039,reg1,Electrolysis,Electricity,27.60974797875669
163,2040,reg1,Electrolysis,Electricity,28.16274464959358
164,2041,reg1,Electrolysis,Electricity,23.414404175085767
165,2042,reg1,Electrolysis,Electricity,28.500295377045035
166,2043,reg1,Electrolysis,Electricity,28.66907074076965
167,2044,reg1,Electrolysis,Electricity,28.837846104495743
168,2045,reg1,Electrolysis,Electricity,41.14263578046695
169,2046,reg1,Electrolysis,Electricity,34.06517039764092
170,2047,reg1,Electrolysis,Electricity,34.262232379602374
171,2048,reg1,Electrolysis,Electricity,34.459294361565036
172,2049,reg1,Electrolysis,Electricity,34.65635634352889
173,2050,reg1,Electrolysis,Electricity,72.48245257384966
174,2022,reg1,E-fuels_synthesis,Hydrogen,0.0
175,2023,reg1,E-fuels_synthesis,Hydrogen,0.0
176,2024,reg1,E-fuels_synthesis,Hydrogen,0.0
177,2025,reg1,E-fuels_synthesis,Hydrogen,0.0
178,2026,reg1,E-fuels_synthesis,Hydrogen,0.0
179,2027,reg1,E-fuels_synthesis,Hydrogen,0.0
180,2028,reg1,E-fuels_synthesis,Hydrogen,0.0
181,2029,reg1,E-fuels_synthesis,Hydrogen,0.0
182,2030,reg1,E-fuels_synthesis,Hydrogen,0.0
183,2031,reg1,E-fuels_synthesis,Hydrogen,0.0
184,2032,reg1,E-fuels_synthesis,Hydrogen,0.0
185,2033,reg1,E-fuels_synthesis,Hydrogen,0.0
186,2034,reg1,E-fuels_synthesis,Hydrogen,0.0
187,2035,reg1,E-fuels_synthesis,Hydrogen,0.0
188,2036,reg1,E-fuels_synthesis,Hydrogen,0.0
189,2037,reg1,E-fuels_synthesis,Hydrogen,0.0
190,2038,reg1,E-fuels_synthesis,Hydrogen,0.0
191,2039,reg1,E-fuels_synthesis,Hydrogen,0.0
192,2040,reg1,E-fuels_synthesis,Hydrogen,0.0
193,2041,reg1,E-fuels_synthesis,Hydrogen,0.0
194,2042,reg1,E-fuels_synthesis,Hydrogen,0.0
195,2043,reg1,E-fuels_synthesis,Hydrogen,0.0
196,2044,reg1,E-fuels_synthesis,Hydrogen,0.0
197,2045,reg1,E-fuels_synthesis,Hydrogen,0.0
198,2046,reg1,E-fuels_synthesis,Hydrogen,0.0
199,2047,reg1,E-fuels_synthesis,Hydrogen,0.0
200,2048,reg1,E-fuels_synthesis,Hydrogen,0.0
201,2049,reg1,E-fuels_synthesis,Hydrogen,0.0
202,2050,reg1,E-fuels_synthesis,Hydrogen,0.0
203,2022,reg1,Heat_pumps,Electricity,1600.3846153846152
204,2023,reg1,Heat_pumps,Electricity,1542.0958466453671
205,2024,reg1,Heat_pumps,Electricity,1447.3043478260865
206,2025,reg1,Heat_pumps,Electricity,1391.294117647059
207,2026,reg1,Heat_pumps,Electricity,1335.6296296296296
208,2027,reg1,Heat_pumps,Electricity,1280.307692307692
209,2028,reg1,Heat_pumps,Electricity,1152.3310434711814
210,2029,reg1,Heat_pumps,Electricity,1047.0934682963111
211,2030,reg1,Heat_pumps,Electricity,1116.3658536585367
212,2031,reg1,Heat_pumps,Electricity,1062.3829787234042
213,2032,reg1,Heat_pumps,Electricity,973.3333333333328
214,2033,reg1,Heat_pumps,Electricity,903.2811051561946
215,2034,reg1,Heat_pumps,Electricity,920.6369426751588
216,2035,reg1,Heat_pumps,Electricity,822.349397590361
217,2036,reg1,Heat_pumps,Electricity,771.6516516516512
218,2037,reg1,Heat_pumps,Electricity,1108.8670924039113
219,2038,reg1,Heat_pumps,Electricity,2223.546527935174
220,2039,reg1,Heat_pumps,Electricity,3331.6034842159925
221,2040,reg1,Heat_pumps,Electricity,4433.096915067593
222,2041,reg1,Heat_pumps,Electricity,5533.890685190294
223,2042,reg1,Heat_pumps,Electricity,6628.190096787201
224,2043,reg1,Heat_pumps,Electricity,7716.052453021763
225,2044,reg1,Heat_pumps,Electricity,9523.680080139493
226,2045,reg1,Heat_pumps,Electricity,10685.001950824304
227,2046,reg1,Heat_pumps,Electricity,11838.996869643604
228,2047,reg1,Heat_pumps,Electricity,12985.733958784782
229,2048,reg1,Heat_pumps,Electricity,13880.15505720484
230,2049,reg1,Heat_pumps,Electricity,13906.29274541953
231,2050,reg1,Heat_pumps,Electricity,13811.120493876168
232,2022,reg1,Oil_PP,Oil_products,0.0
233,2023,reg1,Oil_PP,Oil_products,0.0
234,2024,reg1,Oil_PP,Oil_products,0.0
235,2025,reg1,Oil_PP,Oil_products,0.0
236,2026,reg1,Oil_PP,Oil_products,0.0
237,2027,reg1,Oil_PP,Oil_products,0.0
238,2028,reg1,Oil_PP,Oil_products,1225.4777132899897
239,2029,reg1,Oil_PP,Oil_products,2349.7432390127688
240,2030,reg1,Oil_PP,Oil_products,0.0
241,2031,reg1,Oil_PP,Oil_products,0.0
242,2032,reg1,Oil_PP,Oil_products,27.78098974857858
243,2033,reg1,Oil_PP,Oil_products,1743.1100129032236
244,2034,reg1,Oil_PP,Oil_products,1615.8468094321606
245,2035,reg1,Oil_PP,Oil_products,1545.0341221153685
246,2036,reg1,Oil_PP,Oil_products,1453.3610493676092
247,2037,reg1,Oil_PP,Oil_products,1325.2668376764782
248,2038,reg1,Oil_PP,Oil_products,1239.7101129283608
249,2039,reg1,Oil_PP,Oil_products,1152.6761308373384
250,2040,reg1,Oil_PP,Oil_products,1065.6362046998227
251,2041,reg1,Oil_PP,Oil_products,981.4556011007539
252,2042,reg1,Oil_PP,Oil_products,894.0465202183374
253,2043,reg1,Oil_PP,Oil_products,806.6299755435134
254,2044,reg1,Oil_PP,Oil_products,733.9410580645142
255,2045,reg1,Oil_PP,Oil_products,642.1655742411247
256,2046,reg1,Oil_PP,Oil_products,545.2783984366483
257,2047,reg1,Oil_PP,Oil_products,448.39024429930646
258,2048,reg1,Oil_PP,Oil_products,356.5216352035435
259,2049,reg1,Oil_PP,Oil_products,264.6520521923044
260,2050,reg1,Oil_PP,Oil_products,183.4852645161273
261,2022,reg1,NG_PP,Natural_gas,101544.7382233232
262,2023,reg1,NG_PP,Natural_gas,117179.66519382276
263,2024,reg1,NG_PP,Natural_gas,133984.2008204176
264,2025,reg1,NG_PP,Natural_gas,159792.88550149451
265,2026,reg1,NG_PP,Natural_gas,165209.3582161042
266,2027,reg1,NG_PP,Natural_gas,170690.7422050826
267,2028,reg1,NG_PP,Natural_gas,174845.13256658168
268,2029,reg1,NG_PP,Natural_gas,179195.1081353171
269,2030,reg1,NG_PP,Natural_gas,187070.03136100067
270,2031,reg1,NG_PP,Natural_gas,193631.06036966713
271,2032,reg1,NG_PP,Natural_gas,199983.17927516458
272,2033,reg1,NG_PP,Natural_gas,177852.41567091105
273,2034,reg1,NG_PP,Natural_gas,161018.8173887523
274,2035,reg1,NG_PP,Natural_gas,147613.25248570446
275,2036,reg1,NG_PP,Natural_gas,150411.36263532803
276,2037,reg1,NG_PP,Natural_gas,154996.66561239673
277,2038,reg1,NG_PP,Natural_gas,161837.7857955917
278,2039,reg1,NG_PP,Natural_gas,169435.09126152808
279,2040,reg1,NG_PP,Natural_gas,177002.27407422406
280,2041,reg1,NG_PP,Natural_gas,182467.29832370672
281,2042,reg1,NG_PP,Natural_gas,189383.53513006703
282,2043,reg1,NG_PP,Natural_gas,196263.97788059377
283,2044,reg1,NG_PP,Natural_gas,203104.3452249422
284,2045,reg1,NG_PP,Natural_gas,213572.67716199404
285,2046,reg1,NG_PP,Natural_gas,223954.57241238677
286,2047,reg1,NG_PP,Natural_gas,235481.44480327656
287,2048,reg1,NG_PP,Natural_gas,243212.46423367862
288,2049,reg1,NG_PP,Natural_gas,245090.83626955724
289,2050,reg1,NG_PP,Natural_gas,246995.9053474227
290,2022,reg1,NG_PP_CCS,Natural_gas,0.0
291,2023,reg1,NG_PP_CCS,Natural_gas,0.0
292,2024,reg1,NG_PP_CCS,Natural_gas,0.0
293,2025,reg1,NG_PP_CCS,Natural_gas,0.0
294,2026,reg1,NG_PP_CCS,Natural_gas,0.0
295,2027,reg1,NG_PP_CCS,Natural_gas,0.0
296,2028,reg1,NG_PP_CCS,Natural_gas,0.0
297,2029,reg1,NG_PP_CCS,Natural_gas,0.0
298,2030,reg1,NG_PP_CCS,Natural_gas,0.0
299,2031,reg1,NG_PP_CCS,Natural_gas,0.0
300,2032,reg1,NG_PP_CCS,Natural_gas,0.0
301,2033,reg1,NG_PP_CCS,Natural_gas,0.0
302,2034,reg1,NG_PP_CCS,Natural_gas,0.0
303,2035,reg1,NG_PP_CCS,Natural_gas,0.0
304,2036,reg1,NG_PP_CCS,Natural_gas,0.0
305,2037,reg1,NG_PP_CCS,Natural_gas,0.0
306,2038,reg1,NG_PP_CCS,Natural_gas,0.0
307,2039,reg1,NG_PP_CCS,Natural_gas,0.0
308,2040,reg1,NG_PP_CCS,Natural_gas,0.0
309,2041,reg1,NG_PP_CCS,Natural_gas,0.0
310,2042,reg1,NG_PP_CCS,Natural_gas,0.0
311,2043,reg1,NG_PP_CCS,Natural_gas,0.0
312,2044,reg1,NG_PP_CCS,Natural_gas,0.0
313,2045,reg1,NG_PP_CCS,Natural_gas,0.0
314,2046,reg1,NG_PP_CCS,Natural_gas,0.0
315,2047,reg1,NG_PP_CCS,Natural_gas,0.0
316,2048,reg1,NG_PP_CCS,Natural_gas,0.0
317,2049,reg1,NG_PP_CCS,Natural_gas,0.0
318,2050,reg1,NG_PP_CCS,Natural_gas,0.0
319,2022,reg1,SFF_PP,Solid_fossil_fuels,101485.35517241378
320,2023,reg1,SFF_PP,Solid_fossil_fuels,73394.06214592273
321,2024,reg1,SFF_PP,Solid_fossil_fuels,39585.22333333331
322,2025,reg1,SFF_PP,Solid_fossil_fuels,0.0
323,2026,reg1,SFF_PP,Solid_fossil_fuels,0.0
324,2027,reg1,SFF_PP,Solid_fossil_fuels,0.0
325,2028,reg1,SFF_PP,Solid_fossil_fuels,0.0
326,2029,reg1,SFF_PP,Solid_fossil_fuels,0.0
327,2030,reg1,SFF_PP,Solid_fossil_fuels,0.0
328,2031,reg1,SFF_PP,Solid_fossil_fuels,0.0
329,2032,reg1,SFF_PP,Solid_fossil_fuels,0.0
330,2033,reg1,SFF_PP,Solid_fossil_fuels,0.0
331,2034,reg1,SFF_PP,Solid_fossil_fuels,0.0
332,2035,reg1,SFF_PP,Solid_fossil_fuels,0.0
333,2036,reg1,SFF_PP,Solid_fossil_fuels,0.0
334,2037,reg1,SFF_PP,Solid_fossil_fuels,0.0
335,2038,reg1,SFF_PP,Solid_fossil_fuels,0.0
336,2039,reg1,SFF_PP,Solid_fossil_fuels,0.0
337,2040,reg1,SFF_PP,Solid_fossil_fuels,0.0
338,2041,reg1,SFF_PP,Solid_fossil_fuels,0.0
339,2042,reg1,SFF_PP,Solid_fossil_fuels,0.0
340,2043,reg1,SFF_PP,Solid_fossil_fuels,0.0
341,2044,reg1,SFF_PP,Solid_fossil_fuels,0.0
342,2045,reg1,SFF_PP,Solid_fossil_fuels,0.0
343,2046,reg1,SFF_PP,Solid_fossil_fuels,0.0
344,2047,reg1,SFF_PP,Solid_fossil_fuels,0.0
345,2048,reg1,SFF_PP,Solid_fossil_fuels,0.0
346,2049,reg1,SFF_PP,Solid_fossil_fuels,0.0
347,2050,reg1,SFF_PP,Solid_fossil_fuels,0.0
348,2022,reg1,Oil_refinery,Electricity,8667.853834492626
349,2023,reg1,Oil_refinery,Electricity,8576.927714398436
350,2024,reg1,Oil_refinery,Electricity,8486.755777428278
351,2025,reg1,Oil_refinery,Electricity,8395.631901193121
352,2026,reg1,Oil_refinery,Electricity,8290.954175023508
353,2027,reg1,Oil_refinery,Electricity,8236.934451529063
354,2028,reg1,Oil_refinery,Electricity,8190.136468710995
355,2029,reg1,Oil_refinery,Electricity,8143.559447607077
356,2030,reg1,Oil_refinery,Electricity,8097.203388217304
357,2031,reg1,Oil_refinery,Electricity,8078.857551823178
358,2032,reg1,Oil_refinery,Electricity,8060.4782248862175
359,2033,reg1,Oil_refinery,Electricity,8042.065407406427
360,2034,reg1,Oil_refinery,Electricity,8023.619099383804
361,2035,reg1,Oil_refinery,Electricity,8005.139300818346
362,2036,reg1,Oil_refinery,Electricity,7986.6260117100555
363,2037,reg1,Oil_refinery,Electricity,7968.0792320589335
364,2038,reg1,Oil_refinery,Electricity,7949.498961864978
365,2039,reg1,Oil_refinery,Electricity,7930.885201128191
366,2040,reg1,Oil_refinery,Electricity,7912.237949848571
367,2041,reg1,Oil_refinery,Electricity,7910.786172393949
368,2042,reg1,Oil_refinery,Electricity,7909.334394939323
369,2043,reg1,Oil_refinery,Electricity,7907.882617484702
370,2044,reg1,Oil_refinery,Electricity,7906.430840030078
371,2045,reg1,Oil_refinery,Electricity,7904.979062575455
372,2046,reg1,Oil_refinery,Electricity,7903.527285120832
373,2047,reg1,Oil_refinery,Electricity,7902.075507666208
374,2048,reg1,Oil_refinery,Electricity,7900.623730211586
375,2049,reg1,Oil_refinery,Electricity,7717.999839595866
376,2050,reg1,Oil_refinery,Electricity,7512.754109617947
377,2022,reg1,Oil_refinery,Hydrogen,8667.853834492626
378,2023,reg1,Oil_refinery,Hydrogen,8576.927714398436
379,2024,reg1,Oil_refinery,Hydrogen,8486.755777428278
380,2025,reg1,Oil_refinery,Hydrogen,8395.631901193121
381,2026,reg1,Oil_refinery,Hydrogen,8290.954175023508
382,2027,reg1,Oil_refinery,Hydrogen,8236.934451529063
383,2028,reg1,Oil_refinery,Hydrogen,8190.136468710995
384,2029,reg1,Oil_refinery,Hydrogen,8143.559447607077
385,2030,reg1,Oil_refinery,Hydrogen,8097.203388217304
386,2031,reg1,Oil_refinery,Hydrogen,8078.857551823178
387,2032,reg1,Oil_refinery,Hydrogen,8060.4782248862175
388,2033,reg1,Oil_refinery,Hydrogen,8042.065407406427
389,2034,reg1,Oil_refinery,Hydrogen,8023.619099383804
390,2035,reg1,Oil_refinery,Hydrogen,8005.139300818346
391,2036,reg1,Oil_refinery,Hydrogen,7986.6260117100555
392,2037,reg1,Oil_refinery,Hydrogen,7968.0792320589335
393,2038,reg1,Oil_refinery,Hydrogen,7949.498961864978
394,2039,reg1,Oil_refinery,Hydrogen,7930.885201128191
395,2040,reg1,Oil_refinery,Hydrogen,7912.237949848571
396,2041,reg1,Oil_refinery,Hydrogen,7910.786172393949
397,2042,reg1,Oil_refinery,Hydrogen,7909.334394939323
398,2043,reg1,Oil_refinery,Hydrogen,7907.882617484702
399,2044,reg1,Oil_refinery,Hydrogen,7906.430840030078
400,2045,reg1,Oil_refinery,Hydrogen,7904.979062575455
401,2046,reg1,Oil_refinery,Hydrogen,7903.527285120832
402,2047,reg1,Oil_refinery,Hydrogen,7902.075507666208
403,2048,reg1,Oil_refinery,Hydrogen,7900.623730211586
404,2049,reg1,Oil_refinery,Hydrogen,7717.999839595866
405,2050,reg1,Oil_refinery,Hydrogen,7512.754109617947
406,2022,reg1,Oil_refinery,Natural_gas,26003.561503477875
407,2023,reg1,Oil_refinery,Natural_gas,25730.783143195305
408,2024,reg1,Oil_refinery,Natural_gas,25460.267332284835
409,2025,reg1,Oil_refinery,Natural_gas,25186.895703579365
410,2026,reg1,Oil_refinery,Natural_gas,24872.862525070523
411,2027,reg1,Oil_refinery,Natural_gas,24710.803354587188
412,2028,reg1,Oil_refinery,Natural_gas,24570.409406132985
413,2029,reg1,Oil_refinery,Natural_gas,24430.67834282123
414,2030,reg1,Oil_refinery,Natural_gas,24291.61016465191
415,2031,reg1,Oil_refinery,Natural_gas,24236.572655469532
416,2032,reg1,Oil_refinery,Natural_gas,24181.43467465865
417,2033,reg1,Oil_refinery,Natural_gas,24126.19622221928
418,2034,reg1,Oil_refinery,Natural_gas,24070.857298151408
419,2035,reg1,Oil_refinery,Natural_gas,24015.417902455036
420,2036,reg1,Oil_refinery,Natural_gas,23959.878035130165
421,2037,reg1,Oil_refinery,Natural_gas,23904.2376961768
422,2038,reg1,Oil_refinery,Natural_gas,23848.496885594934
423,2039,reg1,Oil_refinery,Natural_gas,23792.65560338457
424,2040,reg1,Oil_refinery,Natural_gas,23736.71384954571
425,2041,reg1,Oil_refinery,Natural_gas,23732.358517181845
426,2042,reg1,Oil_refinery,Natural_gas,23728.003184817968
427,2043,reg1,Oil_refinery,Natural_gas,23723.6478524541
428,2044,reg1,Oil_refinery,Natural_gas,23719.292520090232
429,2045,reg1,Oil_refinery,Natural_gas,23714.937187726362
430,2046,reg1,Oil_refinery,Natural_gas,23710.581855362496
431,2047,reg1,Oil_refinery,Natural_gas,23706.226522998622
432,2048,reg1,Oil_refinery,Natural_gas,23701.871190634756
433,2049,reg1,Oil_refinery,Natural_gas,23153.999518787597
434,2050,reg1,Oil_refinery,Natural_gas,22538.262328853838
435,2022,reg1,Oil_refinery,Crude_oil,823446.1142767993
436,2023,reg1,Oil_refinery,Crude_oil,814808.1328678513
437,2024,reg1,Oil_refinery,Crude_oil,806241.7988556863
438,2025,reg1,Oil_refinery,Crude_oil,797585.0306133464
439,2026,reg1,Oil_refinery,Crude_oil,787640.6466272331
440,2027,reg1,Oil_refinery,Crude_oil,782508.7728952608
441,2028,reg1,Oil_refinery,Crude_oil,778062.9645275443
442,2029,reg1,Oil_refinery,Crude_oil,773638.1475226722
443,2030,reg1,Oil_refinery,Crude_oil,769234.3218806437
444,2031,reg1,Oil_refinery,Crude_oil,767491.4674232018
445,2032,reg1,Oil_refinery,Crude_oil,765745.4313641905
446,2033,reg1,Oil_refinery,Crude_oil,763996.2137036105
447,2034,reg1,Oil_refinery,Crude_oil,762243.8144414612
448,2035,reg1,Oil_refinery,Crude_oil,760488.2335777427
449,2036,reg1,Oil_refinery,Crude_oil,758729.4711124551
450,2037,reg1,Oil_refinery,Crude_oil,756967.5270455986
451,2038,reg1,Oil_refinery,Crude_oil,755202.4013771728
452,2039,reg1,Oil_refinery,Crude_oil,753434.0941071779
453,2040,reg1,Oil_refinery,Crude_oil,751662.6052356141
454,2041,reg1,Oil_refinery,Crude_oil,751524.686377425
455,2042,reg1,Oil_refinery,Crude_oil,751386.7675192356
456,2043,reg1,Oil_refinery,Crude_oil,751248.8486610465
457,2044,reg1,Oil_refinery,Crude_oil,751110.9298028572
458,2045,reg1,Oil_refinery,Crude_oil,750973.0109446681
459,2046,reg1,Oil_refinery,Crude_oil,750835.092086479
460,2047,reg1,Oil_refinery,Crude_oil,750697.1732282896
461,2048,reg1,Oil_refinery,Crude_oil,750559.2543701006
462,2049,reg1,Oil_refinery,Crude_oil,733209.9847616071
463,2050,reg1,Oil_refinery,Crude_oil,713711.6404137048
464,2022,reg1,Bio_refinery,Electricity,187.84815335964853
465,2023,reg1,Bio_refinery,Electricity,201.88284731769937
466,2024,reg1,Bio_refinery,Electricity,216.10347695891593
467,2025,reg1,Bio_refinery,Electricity,230.5100422832981
468,2026,reg1,Bio_refinery,Electricity,243.5150949088624
469,2027,reg1,Bio_refinery,Electricity,256.4473146677333
470,2028,reg1,Bio_refinery,Electricity,269.3067015599109
471,2029,reg1,Bio_refinery,Electricity,282.0932555853951
472,2030,reg1,Bio_refinery,Electricity,294.80697674418616
473,2031,reg1,Bio_refinery,Electricity,298.49887987219233
474,2032,reg1,Bio_refinery,Electricity,302.2011893825849
475,2033,reg1,Bio_refinery,Electricity,305.91390527536373
476,2034,reg1,Bio_refinery,Electricity,309.637027550529
477,2035,reg1,Bio_refinery,Electricity,313.3705562080805
478,2036,reg1,Bio_refinery,Electricity,317.1144912480184
479,2037,reg1,Bio_refinery,Electricity,320.86883267034256
480,2038,reg1,Bio_refinery,Electricity,324.6335804750531
481,2039,reg1,Bio_refinery,Electricity,328.4087346621499
482,2040,reg1,Bio_refinery,Electricity,332.19429523163285
483,2041,reg1,Bio_refinery,Electricity,332.0775140055451
484,2042,reg1,Bio_refinery,Electricity,331.9607327794573
485,2043,reg1,Bio_refinery,Electricity,331.84395155336955
486,2044,reg1,Bio_refinery,Electricity,331.72717032728167
487,2045,reg1,Bio_refinery,Electricity,331.6103891011939
488,2046,reg1,Bio_refinery,Electricity,331.4936078751061
489,2047,reg1,Bio_refinery,Electricity,331.3768266490183
490,2048,reg1,Bio_refinery,Electricity,331.2600454229305
491,2049,reg1,Bio_refinery,Electricity,331.14326419684267
492,2050,reg1,Bio_refinery,Electricity,331.0264829707547
493,2022,reg1,Bio_refinery,Hydrogen,16906.33380236837
494,2023,reg1,Bio_refinery,Hydrogen,18169.456258592945
495,2024,reg1,Bio_refinery,Hydrogen,19449.312926302435
496,2025,reg1,Bio_refinery,Hydrogen,20745.90380549683
497,2026,reg1,Bio_refinery,Hydrogen,21916.358541797617
498,2027,reg1,Bio_refinery,Hydrogen,23080.258320095996
499,2028,reg1,Bio_refinery,Hydrogen,24237.60314039198
500,2029,reg1,Bio_refinery,Hydrogen,25388.393002685563
501,2030,reg1,Bio_refinery,Hydrogen,26532.627906976755
502,2031,reg1,Bio_refinery,Hydrogen,26864.89918849731
503,2032,reg1,Bio_refinery,Hydrogen,27198.10704443264
504,2033,reg1,Bio_refinery,Hydrogen,27532.251474782737
505,2034,reg1,Bio_refinery,Hydrogen,27867.332479547607
506,2035,reg1,Bio_refinery,Hydrogen,28203.350058727243
507,2036,reg1,Bio_refinery,Hydrogen,28540.304212321655
508,2037,reg1,Bio_refinery,Hydrogen,28878.194940330828
509,2038,reg1,Bio_refinery,Hydrogen,29217.022242754778
510,2039,reg1,Bio_refinery,Hydrogen,29556.786119593497
511,2040,reg1,Bio_refinery,Hydrogen,29897.48657084696
512,2041,reg1,Bio_refinery,Hydrogen,29886.976260499057
513,2042,reg1,Bio_refinery,Hydrogen,29876.46595015116
514,2043,reg1,Bio_refinery,Hydrogen,29865.955639803262
515,2044,reg1,Bio_refinery,Hydrogen,29855.44532945535
516,2045,reg1,Bio_refinery,Hydrogen,29844.935019107448
517,2046,reg1,Bio_refinery,Hydrogen,29834.42470875955
518,2047,reg1,Bio_refinery,Hydrogen,29823.91439841165
519,2048,reg1,Bio_refinery,Hydrogen,29813.404088063744
520,2049,reg1,Bio_refinery,Hydrogen,29802.89377771584
521,2050,reg1,Bio_refinery,Hydrogen,29792.383467367927
522,2022,reg1,Bio_refinery,Natural_gas,939.2407667982428
523,2023,reg1,Bio_refinery,Natural_gas,1009.4142365884971
524,2024,reg1,Bio_refinery,Natural_gas,1080.5173847945798
525,2025,reg1,Bio_refinery,Natural_gas,1152.5502114164908
526,2026,reg1,Bio_refinery,Natural_gas,1217.5754745443123
527,2027,reg1,Bio_refinery,Natural_gas,1282.2365733386666
528,2028,reg1,Bio_refinery,Natural_gas,1346.5335077995546
529,2029,reg1,Bio_refinery,Natural_gas,1410.4662779269759
530,2030,reg1,Bio_refinery,Natural_gas,1474.0348837209312
531,2031,reg1,Bio_refinery,Natural_gas,1492.494399360962
532,2032,reg1,Bio_refinery,Natural_gas,1511.0059469129246
533,2033,reg1,Bio_refinery,Natural_gas,1529.5695263768189
534,2034,reg1,Bio_refinery,Natural_gas,1548.1851377526452
535,2035,reg1,Bio_refinery,Natural_gas,1566.8527810404028
536,2036,reg1,Bio_refinery,Natural_gas,1585.5724562400922
537,2037,reg1,Bio_refinery,Natural_gas,1604.344163351713
538,2038,reg1,Bio_refinery,Natural_gas,1623.1679023752658
539,2039,reg1,Bio_refinery,Natural_gas,1642.0436733107501
540,2040,reg1,Bio_refinery,Natural_gas,1660.9714761581647
541,2041,reg1,Bio_refinery,Natural_gas,1660.3875700277258
542,2042,reg1,Bio_refinery,Natural_gas,1659.803663897287
543,2043,reg1,Bio_refinery,Natural_gas,1659.219757766848
544,2044,reg1,Bio_refinery,Natural_gas,1658.6358516364085
545,2045,reg1,Bio_refinery,Natural_gas,1658.0519455059696
546,2046,reg1,Bio_refinery,Natural_gas,1657.468039375531
547,2047,reg1,Bio_refinery,Natural_gas,1656.884133245092
548,2048,reg1,Bio_refinery,Natural_gas,1656.3002271146527
549,2049,reg1,Bio_refinery,Natural_gas,1655.7163209842136
550,2050,reg1,Bio_refinery,Natural_gas,1655.132414853774
551,2022,reg1,Bio_refinery,Bio_oil,15967.093035570124
552,2023,reg1,Bio_refinery,Bio_oil,17160.042022004447
553,2024,reg1,Bio_refinery,Bio_oil,18368.795541507854
554,2025,reg1,Bio_refinery,Bio_oil,19593.353594080338
555,2026,reg1,Bio_refinery,Bio_oil,20698.783067253305
556,2027,reg1,Bio_refinery,Bio_oil,21798.02174675733
557,2028,reg1,Bio_refinery,Bio_oil,22891.069632592422
558,2029,reg1,Bio_refinery,Bio_oil,23977.926724758585
559,2030,reg1,Bio_refinery,Bio_oil,25058.593023255824
560,2031,reg1,Bio_refinery,Bio_oil,25372.404789136348
561,2032,reg1,Bio_refinery,Bio_oil,25687.101097519713
562,2033,reg1,Bio_refinery,Bio_oil,26002.681948405916
563,2034,reg1,Bio_refinery,Bio_oil,26319.147341794964
564,2035,reg1,Bio_refinery,Bio_oil,26636.49727768684
565,2036,reg1,Bio_refinery,Bio_oil,26954.73175608156
566,2037,reg1,Bio_refinery,Bio_oil,27273.850776979114
567,2038,reg1,Bio_refinery,Bio_oil,27593.854340379512
568,2039,reg1,Bio_refinery,Bio_oil,27914.742446282744
569,2040,reg1,Bio_refinery,Bio_oil,28236.51509468879
570,2041,reg1,Bio_refinery,Bio_oil,28226.588690471333
571,2042,reg1,Bio_refinery,Bio_oil,28216.66228625387
572,2043,reg1,Bio_refinery,Bio_oil,28206.73588203641
573,2044,reg1,Bio_refinery,Bio_oil,28196.809477818937
574,2045,reg1,Bio_refinery,Bio_oil,28186.88307360148
575,2046,reg1,Bio_refinery,Bio_oil,28176.956669384017
576,2047,reg1,Bio_refinery,Bio_oil,28167.03026516656
577,2048,reg1,Bio_refinery,Bio_oil,28157.10386094909
578,2049,reg1,Bio_refinery,Bio_oil,28147.177456731624
579,2050,reg1,Bio_refinery,Bio_oil,28137.25105251415
580,2022,reg1,Transport_biofuels_blending,HVO,16154.941188929773
581,2023,reg1,Transport_biofuels_blending,HVO,17361.924869322145
582,2024,reg1,Transport_biofuels_blending,HVO,18584.89901846677
583,2025,reg1,Transport_biofuels_blending,HVO,19823.86363636364
584,2026,reg1,Transport_biofuels_blending,HVO,20942.298162162166
585,2027,reg1,Transport_biofuels_blending,HVO,22054.469061425065
586,2028,reg1,Transport_biofuels_blending,HVO,23160.376334152334
587,2029,reg1,Transport_biofuels_blending,HVO,24260.019980343983
588,2030,reg1,Transport_biofuels_blending,HVO,25353.40000000001
589,2031,reg1,Transport_biofuels_blending,HVO,25670.90366900854
590,2032,reg1,Transport_biofuels_blending,HVO,25989.302286902297
591,2033,reg1,Transport_biofuels_blending,HVO,26308.595853681283
592,2034,reg1,Transport_biofuels_blending,HVO,26628.784369345492
593,2035,reg1,Transport_biofuels_blending,HVO,26949.867833894918
594,2036,reg1,Transport_biofuels_blending,HVO,27271.846247329577
595,2037,reg1,Transport_biofuels_blending,HVO,27594.71960964946
596,2038,reg1,Transport_biofuels_blending,HVO,27918.487920854568
597,2039,reg1,Transport_biofuels_blending,HVO,28243.1511809449
598,2040,reg1,Transport_biofuels_blending,HVO,28568.70938992043
599,2041,reg1,Transport_biofuels_blending,HVO,28558.66620447688
600,2042,reg1,Transport_biofuels_blending,HVO,28548.62301903333
601,2043,reg1,Transport_biofuels_blending,HVO,28538.579833589778
602,2044,reg1,Transport_biofuels_blending,HVO,28528.536648146226
603,2045,reg1,Transport_biofuels_blending,HVO,28518.493462702674
604,2046,reg1,Transport_biofuels_blending,HVO,28508.450277259126
605,2047,reg1,Transport_biofuels_blending,HVO,28498.407091815574
606,2048,reg1,Transport_biofuels_blending,HVO,28488.363906372026
607,2049,reg1,Transport_biofuels_blending,HVO,28478.320720928474
608,2050,reg1,Transport_biofuels_blending,HVO,28468.277535484904
609,2022,reg1,Transport_biofuels_blending,Oil_products,0.0
610,2023,reg1,Transport_biofuels_blending,Oil_products,0.0
611,2024,reg1,Transport_biofuels_blending,Oil_products,0.0
612,2025,reg1,Transport_biofuels_blending,Oil_products,0.0
613,2026,reg1,Transport_biofuels_blending,Oil_products,0.0
614,2027,reg1,Transport_biofuels_blending,Oil_products,0.0
615,2028,reg1,Transport_biofuels_blending,Oil_products,0.0
616,2029,reg1,Transport_biofuels_blending,Oil_products,0.0
617,2030,reg1,Transport_biofuels_blending,Oil_products,0.0
618,2031,reg1,Transport_biofuels_blending,Oil_products,0.0
619,2032,reg1,Transport_biofuels_blending,Oil_products,0.0
620,2033,reg1,Transport_biofuels_blending,Oil_products,0.0
621,2034,reg1,Transport_biofuels_blending,Oil_products,0.0
622,2035,reg1,Transport_biofuels_blending,Oil_products,0.0
623,2036,reg1,Transport_biofuels_blending,Oil_products,0.0
624,2037,reg1,Transport_biofuels_blending,Oil_products,0.0
625,2038,reg1,Transport_biofuels_blending,Oil_products,0.0
626,2039,reg1,Transport_biofuels_blending,Oil_products,0.0
627,2040,reg1,Transport_biofuels_blending,Oil_products,0.0
628,2041,reg1,Transport_biofuels_blending,Oil_products,0.0
629,2042,reg1,Transport_biofuels_blending,Oil_products,0.0
630,2043,reg1,Transport_biofuels_blending,Oil_products,0.0
631,2044,reg1,Transport_biofuels_blending,Oil_products,0.0
632,2045,reg1,Transport_biofuels_blending,Oil_products,0.0
633,2046,reg1,Transport_biofuels_blending,Oil_products,0.0
634,2047,reg1,Transport_biofuels_blending,Oil_products,0.0
635,2048,reg1,Transport_biofuels_blending,Oil_products,0.0
636,2049,reg1,Transport_biofuels_blending,Oil_products,0.0
637,2050,reg1,Transport_biofuels_blending,Oil_products,0.0
638,2022,reg1,BW_CHP_P,Biofuels_waste,52792.48927872001
639,2023,reg1,BW_CHP_P,Biofuels_waste,50680.7897075712
640,2024,reg1,BW_CHP_P,Biofuels_waste,48569.09013642239
641,2025,reg1,BW_CHP_P,Biofuels_waste,46457.39056527357
642,2026,reg1,BW_CHP_P,Biofuels_waste,44345.69099412479
643,2027,reg1,BW_CHP_P,Biofuels_waste,42233.99142297599
644,2028,reg1,BW_CHP_P,Biofuels_waste,40122.29185182718
645,2029,reg1,BW_CHP_P,Biofuels_waste,38010.592280678386
646,2030,reg1,BW_CHP_P,Biofuels_waste,35898.89270952958
647,2031,reg1,BW_CHP_P,Biofuels_waste,33787.193138380775
648,2032,reg1,BW_CHP_P,Biofuels_waste,31675.49356723197
649,2033,reg1,BW_CHP_P,Biofuels_waste,29563.793996083175
650,2034,reg1,BW_CHP_P,Biofuels_waste,27452.09442493437
651,2035,reg1,BW_CHP_P,Biofuels_waste,25340.394853785572
652,2036,reg1,BW_CHP_P,Biofuels_waste,23228.69528263677
653,2037,reg1,BW_CHP_P,Biofuels_waste,21116.995711487973
654,2038,reg1,BW_CHP_P,Biofuels_waste,19005.296140339175
655,2039,reg1,BW_CHP_P,Biofuels_waste,16893.59656919037
656,2040,reg1,BW_CHP_P,Biofuels_waste,14781.896998041579
657,2041,reg1,BW_CHP_P,Biofuels_waste,12670.197426892775
658,2042,reg1,BW_CHP_P,Biofuels_waste,10558.497855743974
659,2043,reg1,BW_CHP_P,Biofuels_waste,8446.798284595177
660,2044,reg1,BW_CHP_P,Biofuels_waste,6335.098713446376
661,2045,reg1,BW_CHP_P,Biofuels_waste,4223.399142297576
662,2046,reg1,BW_CHP_P,Biofuels_waste,2111.699571148777
663,2047,reg1,BW_CHP_P,Biofuels_waste,0.0
664,2048,reg1,BW_CHP_P,Biofuels_waste,0.0
665,2049,reg1,BW_CHP_P,Biofuels_waste,0.0
666,2050,reg1,BW_CHP_P,Biofuels_waste,0.0
667,2022,reg1,NG_CHP_P,Natural_gas,24162.15310382843
668,2023,reg1,NG_CHP_P,Natural_gas,41066.74483842534
669,2024,reg1,NG_CHP_P,Natural_gas,57783.317852390726
670,2025,reg1,NG_CHP_P,Natural_gas,74311.87214572458
671,2026,reg1,NG_CHP_P,Natural_gas,76023.71250750158
672,2027,reg1,NG_CHP_P,Natural_gas,77730.93880037089
673,2028,reg1,NG_CHP_P,Natural_gas,80005.57217405348
674,2029,reg1,NG_CHP_P,Natural_gas,82103.0019646533
675,2030,reg1,NG_CHP_P,Natural_gas,82824.93326553247
676,2031,reg1,NG_CHP_P,Natural_gas,85012.16534507429
677,2032,reg1,NG_CHP_P,Natural_gas,87480.25814303785
678,2033,reg1,NG_CHP_P,Natural_gas,89801.56632753124
679,2034,reg1,NG_CHP_P,Natural_gas,91827.10281730696
680,2035,reg1,NG_CHP_P,Natural_gas,94000.66238592025
681,2036,reg1,NG_CHP_P,Natural_gas,96174.31344218603
682,2037,reg1,NG_CHP_P,Natural_gas,95235.99808074595
683,2038,reg1,NG_CHP_P,Natural_gas,88020.73408358166
684,2039,reg1,NG_CHP_P,Natural_gas,80805.46047207675
685,2040,reg1,NG_CHP_P,Natural_gas,73590.17724623112
686,2041,reg1,NG_CHP_P,Natural_gas,66370.3986989801
687,2042,reg1,NG_CHP_P,Natural_gas,59150.620151729054
688,2043,reg1,NG_CHP_P,Natural_gas,51930.84160447804
689,2044,reg1,NG_CHP_P,Natural_gas,44711.063057226995
690,2045,reg1,NG_CHP_P,Natural_gas,37491.284509975994
691,2046,reg1,NG_CHP_P,Natural_gas,30271.50596272493
692,2047,reg1,NG_CHP_P,Natural_gas,23051.727415473928
693,2048,reg1,NG_CHP_P,Natural_gas,15871.521402059769
694,2049,reg1,NG_CHP_P,Natural_gas,15327.417529724315
695,2050,reg1,NG_CHP_P,Natural_gas,15718.12652483863
696,2022,reg1,Civil_and_agriculture_mix,Solid_fossil_fuels,0.0
697,2023,reg1,Civil_and_agriculture_mix,Solid_fossil_fuels,0.0
698,2024,reg1,Civil_and_agriculture_mix,Solid_fossil_fuels,0.0
699,2025,reg1,Civil_and_agriculture_mix,Solid_fossil_fuels,0.0
700,2026,reg1,Civil_and_agriculture_mix,Solid_fossil_fuels,0.0
701,2027,reg1,Civil_and_agriculture_mix,Solid_fossil_fuels,0.0
702,2028,reg1,Civil_and_agriculture_mix,Solid_fossil_fuels,0.0
703,2029,reg1,Civil_and_agriculture_mix,Solid_fossil_fuels,0.0
704,2030,reg1,Civil_and_agriculture_mix,Solid_fossil_fuels,0.0
705,2031,reg1,Civil_and_agriculture_mix,Solid_fossil_fuels,0.0
706,2032,reg1,Civil_and_agriculture_mix,Solid_fossil_fuels,0.0
707,2033,reg1,Civil_and_agriculture_mix,Solid_fossil_fuels,0.0
708,2034,reg1,Civil_and_agriculture_mix,Solid_fossil_fuels,0.0
709,2035,reg1,Civil_and_agriculture_mix,Solid_fossil_fuels,0.0
710,2036,reg1,Civil_and_agriculture_mix,Solid_fossil_fuels,0.0
711,2037,reg1,Civil_and_agriculture_mix,Solid_fossil_fuels,0.0
712,2038,reg1,Civil_and_agriculture_mix,Solid_fossil_fuels,0.0
713,2039,reg1,Civil_and_agriculture_mix,Solid_fossil_fuels,0.0
714,2040,reg1,Civil_and_agriculture_mix,Solid_fossil_fuels,0.0
715,2041,reg1,Civil_and_agriculture_mix,Solid_fossil_fuels,0.0
716,2042,reg1,Civil_and_agriculture_mix,Solid_fossil_fuels,0.0
717,2043,reg1,Civil_and_agriculture_mix,Solid_fossil_fuels,0.0
718,2044,reg1,Civil_and_agriculture_mix,Solid_fossil_fuels,0.0
719,2045,reg1,Civil_and_agriculture_mix,Solid_fossil_fuels,0.0
720,2046,reg1,Civil_and_agriculture_mix,Solid_fossil_fuels,0.0
721,2047,reg1,Civil_and_agriculture_mix,Solid_fossil_fuels,0.0
722,2048,reg1,Civil_and_agriculture_mix,Solid_fossil_fuels,0.0
723,2049,reg1,Civil_and_agriculture_mix,Solid_fossil_fuels,0.0
724,2050,reg1,Civil_and_agriculture_mix,Solid_fossil_fuels,0.0
725,2022,reg1,Civil_and_agriculture_mix,Oil_products,52639.91306482524
726,2023,reg1,Civil_and_agriculture_mix,Oil_products,50123.157213315935
727,2024,reg1,Civil_and_agriculture_mix,Oil_products,47632.991614092534
728,2025,reg1,Civil_and_agriculture_mix,Oil_products,45169.416267155015
729,2026,reg1,Civil_and_agriculture_mix,Oil_products,43771.70855249893
730,2027,reg1,Civil_and_agriculture_mix,Oil_products,42385.699114967014
731,2028,reg1,Civil_and_agriculture_mix,Oil_products,41011.38795455928
732,2029,reg1,Civil_and_agriculture_mix,Oil_products,39648.7750712757
733,2030,reg1,Civil_and_agriculture_mix,Oil_products,38297.86046511629
734,2031,reg1,Civil_and_agriculture_mix,Oil_products,37718.39417706359
735,2032,reg1,Civil_and_agriculture_mix,Oil_products,37140.279053797785
736,2033,reg1,Civil_and_agriculture_mix,Oil_products,36563.51509531889
737,2034,reg1,Civil_and_agriculture_mix,Oil_products,35988.1023016269
738,2035,reg1,Civil_and_agriculture_mix,Oil_products,35414.040672721814
739,2036,reg1,Civil_and_agriculture_mix,Oil_products,34841.330208603635
740,2037,reg1,Civil_and_agriculture_mix,Oil_products,34269.97090927236
741,2038,reg1,Civil_and_agriculture_mix,Oil_products,33699.962774728
742,2039,reg1,Civil_and_agriculture_mix,Oil_products,33131.305804970536
743,2040,reg1,Civil_and_agriculture_mix,Oil_products,32563.999999999996
744,2041,reg1,Civil_and_agriculture_mix,Oil_products,32557.166148443186
745,2042,reg1,Civil_and_agriculture_mix,Oil_products,32550.332296886376
746,2043,reg1,Civil_and_agriculture_mix,Oil_products,32543.498445329566
747,2044,reg1,Civil_and_agriculture_mix,Oil_products,32536.664593772755
748,2045,reg1,Civil_and_agriculture_mix,Oil_products,32529.830742215945
749,2046,reg1,Civil_and_agriculture_mix,Oil_products,32522.99689065914
750,2047,reg1,Civil_and_agriculture_mix,Oil_products,32516.16303910233
751,2048,reg1,Civil_and_agriculture_mix,Oil_products,32509.329187545518
752,2049,reg1,Civil_and_agriculture_mix,Oil_products,32502.495335988708
753,2050,reg1,Civil_and_agriculture_mix,Oil_products,32495.66148443188
754,2022,reg1,Civil_and_agriculture_mix,Natural_gas,252748.37917661123
755,2023,reg1,Civil_and_agriculture_mix,Natural_gas,254241.370609529
756,2024,reg1,Civil_and_agriculture_mix,Natural_gas,255697.98277551687
757,2025,reg1,Civil_and_agriculture_mix,Natural_gas,257118.21567457472
758,2026,reg1,Civil_and_agriculture_mix,Natural_gas,255829.68308904988
759,2027,reg1,Civil_and_agriculture_mix,Natural_gas,254541.2857150879
760,2028,reg1,Civil_and_agriculture_mix,Natural_gas,253253.0235526889
761,2029,reg1,Civil_and_agriculture_mix,Natural_gas,251964.89660185264
762,2030,reg1,Civil_and_agriculture_mix,Natural_gas,250676.90486257937
763,2031,reg1,Civil_and_agriculture_mix,Natural_gas,250499.02703644906
764,2032,reg1,Civil_and_agriculture_mix,Natural_gas,250320.79084140144
765,2033,reg1,Civil_and_agriculture_mix,Natural_gas,250142.19627743657
766,2034,reg1,Civil_and_agriculture_mix,Natural_gas,249963.24334455447
767,2035,reg1,Civil_and_agriculture_mix,Natural_gas,249783.93204275513
768,2036,reg1,Civil_and_agriculture_mix,Natural_gas,249604.26237203856
769,2037,reg1,Civil_and_agriculture_mix,Natural_gas,249424.23433240474
770,2038,reg1,Civil_and_agriculture_mix,Natural_gas,249243.84792385378
771,2039,reg1,Civil_and_agriculture_mix,Natural_gas,249063.10314638552
772,2040,reg1,Civil_and_agriculture_mix,Natural_gas,248882.0
773,2041,reg1,Civil_and_agriculture_mix,Natural_gas,248829.7698488158
774,2042,reg1,Civil_and_agriculture_mix,Natural_gas,248777.53969763158
775,2043,reg1,Civil_and_agriculture_mix,Natural_gas,248725.3095464474
776,2044,reg1,Civil_and_agriculture_mix,Natural_gas,248673.07939526316
777,2045,reg1,Civil_and_agriculture_mix,Natural_gas,248620.84924407894
778,2046,reg1,Civil_and_agriculture_mix,Natural_gas,248568.61909289475
779,2047,reg1,Civil_and_agriculture_mix,Natural_gas,248516.38894171052
780,2048,reg1,Civil_and_agriculture_mix,Natural_gas,248464.15879052633
781,2049,reg1,Civil_and_agriculture_mix,Natural_gas,248411.9286393421
782,2050,reg1,Civil_and_agriculture_mix,Natural_gas,248359.69848815797
783,2022,reg1,Civil_and_agriculture_mix,Heat,11572.051091785675
784,2023,reg1,Civil_and_agriculture_mix,Heat,14702.506490978072
785,2024,reg1,Civil_and_agriculture_mix,Heat,17794.29709122721
786,2025,reg1,Civil_and_agriculture_mix,Heat,20847.422892533086
787,2026,reg1,Civil_and_agriculture_mix,Heat,20621.332338915596
788,2027,reg1,Civil_and_agriculture_mix,Heat,20396.464857420135
789,2028,reg1,Civil_and_agriculture_mix,Heat,20172.820448046714
790,2029,reg1,Civil_and_agriculture_mix,Heat,19950.399110795322
791,2030,reg1,Civil_and_agriculture_mix,Heat,19729.200845665968
792,2031,reg1,Civil_and_agriculture_mix,Heat,19616.07213621393
793,2032,reg1,Civil_and_agriculture_mix,Heat,19503.16756562532
794,2033,reg1,Civil_and_agriculture_mix,Heat,19390.487133900144
795,2034,reg1,Civil_and_agriculture_mix,Heat,19278.0308410384
796,2035,reg1,Civil_and_agriculture_mix,Heat,19165.798687040085
797,2036,reg1,Civil_and_agriculture_mix,Heat,19053.790671905208
798,2037,reg1,Civil_and_agriculture_mix,Heat,18942.00679563376
799,2038,reg1,Civil_and_agriculture_mix,Heat,18830.44705822575
800,2039,reg1,Civil_and_agriculture_mix,Heat,18719.111459681168
801,2040,reg1,Civil_and_agriculture_mix,Heat,18608.0
802,2041,reg1,Civil_and_agriculture_mix,Heat,18604.094941967534
803,2042,reg1,Civil_and_agriculture_mix,Heat,18600.18988393507
804,2043,reg1,Civil_and_agriculture_mix,Heat,18596.284825902603
805,2044,reg1,Civil_and_agriculture_mix,Heat,18592.379767870138
806,2045,reg1,Civil_and_agriculture_mix,Heat,18588.474709837672
807,2046,reg1,Civil_and_agriculture_mix,Heat,18584.569651805206
808,2047,reg1,Civil_and_agriculture_mix,Heat,18580.66459377274
809,2048,reg1,Civil_and_agriculture_mix,Heat,18576.759535740275
810,2049,reg1,Civil_and_agriculture_mix,Heat,18572.85447770781
811,2050,reg1,Civil_and_agriculture_mix,Heat,18568.94941967536
812,2022,reg1,Civil_and_agriculture_mix,Secondary_electricity,177414.65625715183
813,2023,reg1,Civil_and_agriculture_mix,Secondary_electricity,172666.88122819178
814,2024,reg1,Civil_and_agriculture_mix,Secondary_electricity,167963.60002853314
815,2025,reg1,Civil_and_agriculture_mix,Secondary_electricity,163304.81265817583
816,2026,reg1,Civil_and_agriculture_mix,Secondary_electricity,163152.10210938426
817,2027,reg1,Civil_and_agriculture_mix,Secondary_electricity,162992.84273618992
818,2028,reg1,Civil_and_agriculture_mix,Secondary_electricity,162827.03453859285
819,2029,reg1,Civil_and_agriculture_mix,Secondary_electricity,162654.67751659296
820,2030,reg1,Civil_and_agriculture_mix,Secondary_electricity,162475.77167019033
821,2031,reg1,Civil_and_agriculture_mix,Secondary_electricity,162512.98674155475
822,2032,reg1,Civil_and_agriculture_mix,Secondary_electricity,162549.5813155006
823,2033,reg1,Civil_and_agriculture_mix,Secondary_electricity,162585.5553920279
824,2034,reg1,Civil_and_agriculture_mix,Secondary_electricity,162620.90897113667
825,2035,reg1,Civil_and_agriculture_mix,Secondary_electricity,162655.6420528269
826,2036,reg1,Civil_and_agriculture_mix,Secondary_electricity,162689.75463709858
827,2037,reg1,Civil_and_agriculture_mix,Secondary_electricity,162723.2467239517
828,2038,reg1,Civil_and_agriculture_mix,Secondary_electricity,162756.1183133864
829,2039,reg1,Civil_and_agriculture_mix,Secondary_electricity,162788.36940540245
830,2040,reg1,Civil_and_agriculture_mix,Secondary_electricity,162819.99999999997
831,2041,reg1,Civil_and_agriculture_mix,Secondary_electricity,162785.8307422159
832,2042,reg1,Civil_and_agriculture_mix,Secondary_electricity,162751.66148443185
833,2043,reg1,Civil_and_agriculture_mix,Secondary_electricity,162717.4922266478
834,2044,reg1,Civil_and_agriculture_mix,Secondary_electricity,162683.32296886374
835,2045,reg1,Civil_and_agriculture_mix,Secondary_electricity,162649.15371107965
836,2046,reg1,Civil_and_agriculture_mix,Secondary_electricity,162614.9844532956
837,2047,reg1,Civil_and_agriculture_mix,Secondary_electricity,162580.81519551153
838,2048,reg1,Civil_and_agriculture_mix,Secondary_electricity,162546.64593772747
839,2049,reg1,Civil_and_agriculture_mix,Secondary_electricity,162512.4766799434
840,2050,reg1,Civil_and_agriculture_mix,Secondary_electricity,162478.30742215939
841,2022,reg1,Civil_and_agriculture_mix,Biofuels_waste,78843.87053962628
842,2023,reg1,Civil_and_agriculture_mix,Biofuels_waste,78038.75669241257
843,2024,reg1,Civil_and_agriculture_mix,Biofuels_waste,77237.65004785538
844,2025,reg1,Civil_and_agriculture_mix,Biofuels_waste,76440.55060595465
845,2026,reg1,Civil_and_agriculture_mix,Biofuels_waste,76716.75433359959
846,2027,reg1,Civil_and_agriculture_mix,Biofuels_waste,76986.42735247141
847,2028,reg1,Civil_and_agriculture_mix,Biofuels_waste,77249.56966257012
848,2029,reg1,Civil_and_agriculture_mix,Biofuels_waste,77506.1812638957
849,2030,reg1,Civil_and_agriculture_mix,Biofuels_waste,77756.26215644821
850,2031,reg1,Civil_and_agriculture_mix,Biofuels_waste,77891.71990871892
851,2032,reg1,Civil_and_agriculture_mix,Biofuels_waste,78026.58122367505
852,2033,reg1,Civil_and_agriculture_mix,Biofuels_waste,78160.84610131662
853,2034,reg1,Civil_and_agriculture_mix,Biofuels_waste,78294.51454164363
854,2035,reg1,Civil_and_agriculture_mix,Biofuels_waste,78427.5865446561
855,2036,reg1,Civil_and_agriculture_mix,Biofuels_waste,78560.06211035399
856,2037,reg1,Civil_and_agriculture_mix,Biofuels_waste,78691.94123873734
857,2038,reg1,Civil_and_agriculture_mix,Biofuels_waste,78823.22392980616
858,2039,reg1,Civil_and_agriculture_mix,Biofuels_waste,78953.9101835604
859,2040,reg1,Civil_and_agriculture_mix,Biofuels_waste,79083.99999999999
860,2041,reg1,Civil_and_agriculture_mix,Biofuels_waste,79067.40350336202
861,2042,reg1,Civil_and_agriculture_mix,Biofuels_waste,79050.80700672403
862,2043,reg1,Civil_and_agriculture_mix,Biofuels_waste,79034.21051008606
863,2044,reg1,Civil_and_agriculture_mix,Biofuels_waste,79017.61401344808
864,2045,reg1,Civil_and_agriculture_mix,Biofuels_waste,79001.01751681011
865,2046,reg1,Civil_and_agriculture_mix,Biofuels_waste,78984.42102017213
866,2047,reg1,Civil_and_agriculture_mix,Biofuels_waste,78967.82452353416
867,2048,reg1,Civil_and_agriculture_mix,Biofuels_waste,78951.22802689619
868,2049,reg1,Civil_and_agriculture_mix,Biofuels_waste,78934.63153025821
869,2050,reg1,Civil_and_agriculture_mix,Biofuels_waste,78918.03503362028
870,2022,reg1,Civil_and_agriculture_mix,E-fuels,0.0
871,2023,reg1,Civil_and_agriculture_mix,E-fuels,0.0
872,2024,reg1,Civil_and_agriculture_mix,E-fuels,0.0
873,2025,reg1,Civil_and_agriculture_mix,E-fuels,0.0
874,2026,reg1,Civil_and_agriculture_mix,E-fuels,0.0
875,2027,reg1,Civil_and_agriculture_mix,E-fuels,0.0
876,2028,reg1,Civil_and_agriculture_mix,E-fuels,0.0
877,2029,reg1,Civil_and_agriculture_mix,E-fuels,0.0
878,2030,reg1,Civil_and_agriculture_mix,E-fuels,0.0
879,2031,reg1,Civil_and_agriculture_mix,E-fuels,0.0
880,2032,reg1,Civil_and_agriculture_mix,E-fuels,0.0
881,2033,reg1,Civil_and_agriculture_mix,E-fuels,0.0
882,2034,reg1,Civil_and_agriculture_mix,E-fuels,0.0
883,2035,reg1,Civil_and_agriculture_mix,E-fuels,0.0
884,2036,reg1,Civil_and_agriculture_mix,E-fuels,0.0
885,2037,reg1,Civil_and_agriculture_mix,E-fuels,0.0
886,2038,reg1,Civil_and_agriculture_mix,E-fuels,0.0
887,2039,reg1,Civil_and_agriculture_mix,E-fuels,0.0
888,2040,reg1,Civil_and_agriculture_mix,E-fuels,0.0
889,2041,reg1,Civil_and_agriculture_mix,E-fuels,0.0
890,2042,reg1,Civil_and_agriculture_mix,E-fuels,0.0
891,2043,reg1,Civil_and_agriculture_mix,E-fuels,0.0
892,2044,reg1,Civil_and_agriculture_mix,E-fuels,0.0
893,2045,reg1,Civil_and_agriculture_mix,E-fuels,0.0
894,2046,reg1,Civil_and_agriculture_mix,E-fuels,0.0
895,2047,reg1,Civil_and_agriculture_mix,E-fuels,0.0
896,2048,reg1,Civil_and_agriculture_mix,E-fuels,0.0
897,2049,reg1,Civil_and_agriculture_mix,E-fuels,0.0
898,2050,reg1,Civil_and_agriculture_mix,E-fuels,0.0
899,2022,reg1,Civil_and_agriculture_mix,Hydrogen,0.0
900,2023,reg1,Civil_and_agriculture_mix,Hydrogen,0.0
901,2024,reg1,Civil_and_agriculture_mix,Hydrogen,0.0
902,2025,reg1,Civil_and_agriculture_mix,Hydrogen,0.0
903,2026,reg1,Civil_and_agriculture_mix,Hydrogen,0.0
904,2027,reg1,Civil_and_agriculture_mix,Hydrogen,0.0
905,2028,reg1,Civil_and_agriculture_mix,Hydrogen,0.0
906,2029,reg1,Civil_and_agriculture_mix,Hydrogen,0.0
907,2030,reg1,Civil_and_agriculture_mix,Hydrogen,0.0
908,2031,reg1,Civil_and_agriculture_mix,Hydrogen,57.58681172158035
909,2032,reg1,Civil_and_agriculture_mix,Hydrogen,115.02702994705145
910,2033,reg1,Civil_and_agriculture_mix,Hydrogen,172.32065467641328
911,2034,reg1,Civil_and_agriculture_mix,Hydrogen,229.46768590966587
912,2035,reg1,Civil_and_agriculture_mix,Hydrogen,286.46812364680926
913,2036,reg1,Civil_and_agriculture_mix,Hydrogen,343.3219678878433
914,2037,reg1,Civil_and_agriculture_mix,Hydrogen,400.0292186327681
915,2038,reg1,Civil_and_agriculture_mix,Hydrogen,456.58987588158396
916,2039,reg1,Civil_and_agriculture_mix,Hydrogen,513.0039396342902
917,2040,reg1,Civil_and_agriculture_mix,Hydrogen,569.2714098908874
918,2041,reg1,Civil_and_agriculture_mix,Hydrogen,626.0790840973103
919,2042,reg1,Civil_and_agriculture_mix,Hydrogen,682.8867583037332
920,2043,reg1,Civil_and_agriculture_mix,Hydrogen,739.6944325101562
921,2044,reg1,Civil_and_agriculture_mix,Hydrogen,796.5021067165791
922,2045,reg1,Civil_and_agriculture_mix,Hydrogen,853.309780923002
923,2046,reg1,Civil_and_agriculture_mix,Hydrogen,910.1174551294249
924,2047,reg1,Civil_and_agriculture_mix,Hydrogen,966.9251293358478
925,2048,reg1,Civil_and_agriculture_mix,Hydrogen,1023.7328035422707
926,2049,reg1,Civil_and_agriculture_mix,Hydrogen,1080.5404777486935
927,2050,reg1,Civil_and_agriculture_mix,Hydrogen,1137.3481519551162
928,2022,reg1,Transport_mix,Oil_products,389282.9175977341
929,2023,reg1,Transport_mix,Oil_products,389772.7251998908
930,2024,reg1,Transport_mix,Oil_products,390227.3275336229
931,2025,reg1,Transport_mix,Oil_products,390646.72459893057
932,2026,reg1,Transport_mix,Oil_products,387626.01405405416
933,2027,reg1,Transport_mix,Oil_products,384615.8863217229
934,2028,reg1,Transport_mix,Oil_products,381616.34140193684
935,2029,reg1,Transport_mix,Oil_products,378627.37929469586
936,2030,reg1,Transport_mix,Oil_products,375649.00000000006
937,2031,reg1,Transport_mix,Oil_products,374759.25822653965
938,2032,reg1,Transport_mix,Oil_products,373864.6630187111
939,2033,reg1,Transport_mix,Oil_products,372965.21437651454
940,2034,reg1,Transport_mix,Oil_products,372060.91229995
941,2035,reg1,Transport_mix,Oil_products,371151.75678901724
942,2036,reg1,Transport_mix,Oil_products,370237.7478437165
943,2037,reg1,Transport_mix,Oil_products,369318.8854640478
944,2038,reg1,Transport_mix,Oil_products,368395.1696500109
945,2039,reg1,Transport_mix,Oil_products,367466.600401606
946,2040,reg1,Transport_mix,Oil_products,366533.177718833
947,2041,reg1,Transport_mix,Oil_products,366404.32483210287
948,2042,reg1,Transport_mix,Oil_products,366275.4719453727
949,2043,reg1,Transport_mix,Oil_products,366146.6190586426
950,2044,reg1,Transport_mix,Oil_products,366017.76617191243
951,2045,reg1,Transport_mix,Oil_products,365888.91328518227
952,2046,reg1,Transport_mix,Oil_products,365760.06039845216
953,2047,reg1,Transport_mix,Oil_products,365631.20751172205
954,2048,reg1,Transport_mix,Oil_products,365502.35462499195
955,2049,reg1,Transport_mix,Oil_products,365373.50173826184
956,2050,reg1,Transport_mix,Oil_products,365244.64885153185
957,2022,reg1,Transport_mix,Natural_gas,12197.319379763616
958,2023,reg1,Transport_mix,Natural_gas,12022.478400179954
959,2024,reg1,Transport_mix,Natural_gas,11843.737359153582
960,2025,reg1,Transport_mix,Natural_gas,11661.096256684494
961,2026,reg1,Transport_mix,Natural_gas,11655.145945945946
962,2027,reg1,Transport_mix,Natural_gas,11649.061164908226
963,2028,reg1,Transport_mix,Natural_gas,11642.841913571327
964,2029,reg1,Transport_mix,Natural_gas,11636.48819193525
965,2030,reg1,Transport_mix,Natural_gas,11630.000000000004
966,2031,reg1,Transport_mix,Natural_gas,12084.53298300954
967,2032,reg1,Transport_mix,Natural_gas,12540.476673596677
968,2033,reg1,Transport_mix,Natural_gas,12997.83107176142
969,2034,reg1,Transport_mix,Natural_gas,13456.596177503769
970,2035,reg1,Transport_mix,Natural_gas,13916.771990823718
971,2036,reg1,Transport_mix,Natural_gas,14378.358511721273
972,2037,reg1,Transport_mix,Natural_gas,14841.355740196435
973,2038,reg1,Transport_mix,Natural_gas,15305.763676249198
974,2039,reg1,Transport_mix,Natural_gas,15771.582319879566
975,2040,reg1,Transport_mix,Natural_gas,16238.811671087535
976,2041,reg1,Transport_mix,Natural_gas,16233.10299889063
977,2042,reg1,Transport_mix,Natural_gas,16227.394326693726
978,2043,reg1,Transport_mix,Natural_gas,16221.685654496823
979,2044,reg1,Transport_mix,Natural_gas,16215.976982299919
980,2045,reg1,Transport_mix,Natural_gas,16210.268310103014
981,2046,reg1,Transport_mix,Natural_gas,16204.559637906112
982,2047,reg1,Transport_mix,Natural_gas,16198.850965709207
983,2048,reg1,Transport_mix,Natural_gas,16193.142293512303
984,2049,reg1,Transport_mix,Natural_gas,16187.4336213154
985,2050,reg1,Transport_mix,Natural_gas,16181.7249491185
986,2022,reg1,Transport_mix,Secondary_electricity,9008.510853572589
987,2023,reg1,Transport_mix,Secondary_electricity,10646.997543940559
988,2024,reg1,Transport_mix,Secondary_electricity,12308.599095423495
989,2025,reg1,Transport_mix,Secondary_electricity,13993.315508021393
990,2026,reg1,Transport_mix,Secondary_electricity,14691.518918918922
991,2027,reg1,Transport_mix,Secondary_electricity,15385.789073565547
992,2028,reg1,Transport_mix,Secondary_electricity,16076.125971961268
993,2029,reg1,Transport_mix,Secondary_electricity,16762.529614106086
994,2030,reg1,Transport_mix,Secondary_electricity,17445.000000000007
995,2031,reg1,Transport_mix,Secondary_electricity,18012.473798121737
996,2032,reg1,Transport_mix,Secondary_electricity,18581.69347193348
997,2033,reg1,Transport_mix,Secondary_electricity,19152.659021435236
998,2034,reg1,Transport_mix,Secondary_electricity,19725.370446627006
999,2035,reg1,Transport_mix,Secondary_electricity,20299.827747508793
1000,2036,reg1,Transport_mix,Secondary_electricity,20876.03092408059
1001,2037,reg1,Transport_mix,Secondary_electricity,21453.9799763424
1002,2038,reg1,Transport_mix,Secondary_electricity,22033.67490429423
1003,2039,reg1,Transport_mix,Secondary_electricity,22615.115707936067
1004,2040,reg1,Transport_mix,Secondary_electricity,23198.302387267908
1005,2041,reg1,Transport_mix,Secondary_electricity,23190.147141272333
1006,2042,reg1,Transport_mix,Secondary_electricity,23181.99189527676
1007,2043,reg1,Transport_mix,Secondary_electricity,23173.83664928118
1008,2044,reg1,Transport_mix,Secondary_electricity,23165.681403285605
1009,2045,reg1,Transport_mix,Secondary_electricity,23157.52615729003
1010,2046,reg1,Transport_mix,Secondary_electricity,23149.370911294456
1011,2047,reg1,Transport_mix,Secondary_electricity,23141.21566529888
1012,2048,reg1,Transport_mix,Secondary_electricity,23133.060419303303
1013,2049,reg1,Transport_mix,Secondary_electricity,23124.90517330773
1014,2050,reg1,Transport_mix,Secondary_electricity,23116.74992731214
1015,2022,reg1,Transport_mix,Transport_biofuels,16154.941188929773
1016,2023,reg1,Transport_mix,Transport_biofuels,17361.924869322145
1017,2024,reg1,Transport_mix,Transport_biofuels,18584.89901846677
1018,2025,reg1,Transport_mix,Transport_biofuels,19823.86363636364
1019,2026,reg1,Transport_mix,Transport_biofuels,20942.29816216217
1020,2027,reg1,Transport_mix,Transport_biofuels,22054.469061425065
1021,2028,reg1,Transport_mix,Transport_biofuels,23160.376334152334
1022,2029,reg1,Transport_mix,Transport_biofuels,24260.019980343983
1023,2030,reg1,Transport_mix,Transport_biofuels,25353.40000000001
1024,2031,reg1,Transport_mix,Transport_biofuels,25670.90366900854
1025,2032,reg1,Transport_mix,Transport_biofuels,25989.302286902297
1026,2033,reg1,Transport_mix,Transport_biofuels,26308.595853681283
1027,2034,reg1,Transport_mix,Transport_biofuels,26628.784369345492
1028,2035,reg1,Transport_mix,Transport_biofuels,26949.86783389492
1029,2036,reg1,Transport_mix,Transport_biofuels,27271.846247329577
1030,2037,reg1,Transport_mix,Transport_biofuels,27594.71960964946
1031,2038,reg1,Transport_mix,Transport_biofuels,27918.487920854568
1032,2039,reg1,Transport_mix,Transport_biofuels,28243.151180944897
1033,2040,reg1,Transport_mix,Transport_biofuels,28568.70938992043
1034,2041,reg1,Transport_mix,Transport_biofuels,28558.66620447688
1035,2042,reg1,Transport_mix,Transport_biofuels,28548.623019033326
1036,2043,reg1,Transport_mix,Transport_biofuels,28538.579833589778
1037,2044,reg1,Transport_mix,Transport_biofuels,28528.536648146226
1038,2045,reg1,Transport_mix,Transport_biofuels,28518.493462702674
1039,2046,reg1,Transport_mix,Transport_biofuels,28508.450277259126
1040,2047,reg1,Transport_mix,Transport_biofuels,28498.407091815574
1041,2048,reg1,Transport_mix,Transport_biofuels,28488.363906372022
1042,2049,reg1,Transport_mix,Transport_biofuels,28478.32072092847
1043,2050,reg1,Transport_mix,Transport_biofuels,28468.277535484904
1044,2022,reg1,Transport_mix,E-fuels,0.0
1045,2023,reg1,Transport_mix,E-fuels,0.0
1046,2024,reg1,Transport_mix,E-fuels,0.0
1047,2025,reg1,Transport_mix,E-fuels,0.0
1048,2026,reg1,Transport_mix,E-fuels,0.0
1049,2027,reg1,Transport_mix,E-fuels,0.0
1050,2028,reg1,Transport_mix,E-fuels,0.0
1051,2029,reg1,Transport_mix,E-fuels,0.0
1052,2030,reg1,Transport_mix,E-fuels,0.0
1053,2031,reg1,Transport_mix,E-fuels,0.0
1054,2032,reg1,Transport_mix,E-fuels,0.0
1055,2033,reg1,Transport_mix,E-fuels,0.0
1056,2034,reg1,Transport_mix,E-fuels,0.0
1057,2035,reg1,Transport_mix,E-fuels,0.0
1058,2036,reg1,Transport_mix,E-fuels,0.0
1059,2037,reg1,Transport_mix,E-fuels,0.0
1060,2038,reg1,Transport_mix,E-fuels,0.0
1061,2039,reg1,Transport_mix,E-fuels,0.0
1062,2040,reg1,Transport_mix,E-fuels,0.0
1063,2041,reg1,Transport_mix,E-fuels,0.0
1064,2042,reg1,Transport_mix,E-fuels,0.0
1065,2043,reg1,Transport_mix,E-fuels,0.0
1066,2044,reg1,Transport_mix,E-fuels,0.0
1067,2045,reg1,Transport_mix,E-fuels,0.0
1068,2046,reg1,Transport_mix,E-fuels,0.0
1069,2047,reg1,Transport_mix,E-fuels,0.0
1070,2048,reg1,Transport_mix,E-fuels,0.0
1071,2049,reg1,Transport_mix,E-fuels,0.0
1072,2050,reg1,Transport_mix,E-fuels,0.0
1073,2022,reg1,Transport_mix,Hydrogen,0.0
1074,2023,reg1,Transport_mix,Hydrogen,0.0
1075,2024,reg1,Transport_mix,Hydrogen,0.0
1076,2025,reg1,Transport_mix,Hydrogen,0.0
1077,2026,reg1,Transport_mix,Hydrogen,47.02291891891893
1078,2027,reg1,Transport_mix,Hydrogen,93.7943783783784
1079,2028,reg1,Transport_mix,Hydrogen,140.3143783783784
1080,2029,reg1,Transport_mix,Hydrogen,186.58291891891895
1081,2030,reg1,Transport_mix,Hydrogen,232.60000000000008
1082,2031,reg1,Transport_mix,Hydrogen,480.63132332066834
1083,2032,reg1,Transport_mix,Hydrogen,729.4645488565492
1084,2033,reg1,Transport_mix,Hydrogen,979.0996766076426
1085,2034,reg1,Transport_mix,Hydrogen,1229.5367065739485
1086,2035,reg1,Transport_mix,Hydrogen,1480.775638755467
1087,2036,reg1,Transport_mix,Hydrogen,1732.8164731521981
1088,2037,reg1,Transport_mix,Hydrogen,1985.659209764142
1089,2038,reg1,Transport_mix,Hydrogen,2239.3038485912984
1090,2039,reg1,Transport_mix,Hydrogen,2493.750389633667
1091,2040,reg1,Transport_mix,Hydrogen,2748.9988328912473
1092,2041,reg1,Transport_mix,Hydrogen,2901.758823257397
1093,2042,reg1,Transport_mix,Hydrogen,3054.518813623547
1094,2043,reg1,Transport_mix,Hydrogen,3207.278803989697
1095,2044,reg1,Transport_mix,Hydrogen,3360.038794355846
1096,2045,reg1,Transport_mix,Hydrogen,3512.7987847219956
1097,2046,reg1,Transport_mix,Hydrogen,3665.5587750881455
1098,2047,reg1,Transport_mix,Hydrogen,3818.3187654542953
1099,2048,reg1,Transport_mix,Hydrogen,3971.078755820445
1100,2049,reg1,Transport_mix,Hydrogen,4123.838746186595
1101,2050,reg1,Transport_mix,Hydrogen,4276.598736552746
1102,2022,reg1,Industry_mix,Solid_fossil_fuels,16957.41147220722
1103,2023,reg1,Industry_mix,Solid_fossil_fuels,18694.034296031143
1104,2024,reg1,Industry_mix,Solid_fossil_fuels,20407.230471962073
1105,2025,reg1,Industry_mix,Solid_fossil_fuels,22097.00000000001
1106,2026,reg1,Industry_mix,Solid_fossil_fuels,22580.020572664103
1107,2027,reg1,Industry_mix,Solid_fossil_fuels,23054.130858996148
1108,2028,reg1,Industry_mix,Solid_fossil_fuels,23519.330858996145
1109,2029,reg1,Industry_mix,Solid_fossil_fuels,23975.62057266411
1110,2030,reg1,Industry_mix,Solid_fossil_fuels,24423.00000000001
1111,2031,reg1,Industry_mix,Solid_fossil_fuels,24054.840720000015
1112,2032,reg1,Industry_mix,Solid_fossil_fuels,23687.239680000006
1113,2033,reg1,Industry_mix,Solid_fossil_fuels,23320.196880000007
1114,2034,reg1,Industry_mix,Solid_fossil_fuels,22953.712320000006
1115,2035,reg1,Industry_mix,Solid_fossil_fuels,22587.786
1116,2036,reg1,Industry_mix,Solid_fossil_fuels,22222.41792
1117,2037,reg1,Industry_mix,Solid_fossil_fuels,21857.608080000005
1118,2038,reg1,Industry_mix,Solid_fossil_fuels,21493.356479999995
1119,2039,reg1,Industry_mix,Solid_fossil_fuels,21129.663119999994
1120,2040,reg1,Industry_mix,Solid_fossil_fuels,20766.528000000006
1121,2041,reg1,Industry_mix,Solid_fossil_fuels,20766.528000000006
1122,2042,reg1,Industry_mix,Solid_fossil_fuels,20766.528000000006
1123,2043,reg1,Industry_mix,Solid_fossil_fuels,20766.528000000006
1124,2044,reg1,Industry_mix,Solid_fossil_fuels,20766.528000000006
1125,2045,reg1,Industry_mix,Solid_fossil_fuels,20766.528000000006
1126,2046,reg1,Industry_mix,Solid_fossil_fuels,20766.528000000006
1127,2047,reg1,Industry_mix,Solid_fossil_fuels,20766.528000000006
1128,2048,reg1,Industry_mix,Solid_fossil_fuels,20766.528000000006
1129,2049,reg1,Industry_mix,Solid_fossil_fuels,20766.528000000006
1130,2050,reg1,Industry_mix,Solid_fossil_fuels,20766.528000000006
1131,2022,reg1,Industry_mix,Oil_products,35259.24044075397
1132,2023,reg1,Industry_mix,Oil_products,28854.946000416665
1133,2024,reg1,Industry_mix,Oil_products,22529.199186832004
1134,2025,reg1,Industry_mix,Oil_products,16282.000000000007
1135,2026,reg1,Industry_mix,Oil_products,16285.258914594602
1136,2027,reg1,Industry_mix,Oil_products,16286.888371891897
1137,2028,reg1,Industry_mix,Oil_products,16286.888371891895
1138,2029,reg1,Industry_mix,Oil_products,16285.258914594604
1139,2030,reg1,Industry_mix,Oil_products,16282.000000000005
1140,2031,reg1,Industry_mix,Oil_products,16036.560480000006
1141,2032,reg1,Industry_mix,Oil_products,15791.493119999997
1142,2033,reg1,Industry_mix,Oil_products,15546.79792
1143,2034,reg1,Industry_mix,Oil_products,15302.474880000002
1144,2035,reg1,Industry_mix,Oil_products,15058.523999999998
1145,2036,reg1,Industry_mix,Oil_products,14814.945280000002
1146,2037,reg1,Industry_mix,Oil_products,14571.738720000003
1147,2038,reg1,Industry_mix,Oil_products,14328.904319999998
1148,2039,reg1,Industry_mix,Oil_products,14086.442079999997
1149,2040,reg1,Industry_mix,Oil_products,13844.352000000004
1150,2041,reg1,Industry_mix,Oil_products,13844.352000000004
1151,2042,reg1,Industry_mix,Oil_products,13844.352000000004
1152,2043,reg1,Industry_mix,Oil_products,13844.352000000004
1153,2044,reg1,Industry_mix,Oil_products,13844.352000000004
1154,2045,reg1,Industry_mix,Oil_products,13844.352000000004
1155,2046,reg1,Industry_mix,Oil_products,13844.352000000004
1156,2047,reg1,Industry_mix,Oil_products,13844.352000000004
1157,2048,reg1,Industry_mix,Oil_products,13844.352000000004
1158,2049,reg1,Industry_mix,Oil_products,13844.352000000004
1159,2050,reg1,Industry_mix,Oil_products,13844.352000000004
1160,2022,reg1,Industry_mix,Natural_gas,114878.05184811368
1161,2023,reg1,Industry_mix,Natural_gas,107514.34974700856
1162,2024,reg1,Industry_mix,Natural_gas,100234.99913097065
1163,2025,reg1,Industry_mix,Natural_gas,93040.00000000003
1164,2026,reg1,Industry_mix,Natural_gas,88990.541409112
1165,2027,reg1,Industry_mix,Natural_gas,84988.71211366798
1166,2028,reg1,Industry_mix,Natural_gas,81034.51211366798
1167,2029,reg1,Industry_mix,Natural_gas,77127.94140911201
1168,2030,reg1,Industry_mix,Natural_gas,73269.00000000003
1169,2031,reg1,Industry_mix,Natural_gas,73210.38480000003
1170,2032,reg1,Industry_mix,Natural_gas,73151.76960000001
1171,2033,reg1,Industry_mix,Natural_gas,73093.15440000001
1172,2034,reg1,Industry_mix,Natural_gas,73034.53920000003
1173,2035,reg1,Industry_mix,Natural_gas,72975.92400000001
1174,2036,reg1,Industry_mix,Natural_gas,72917.30880000003
1175,2037,reg1,Industry_mix,Natural_gas,72858.69360000004
1176,2038,reg1,Industry_mix,Natural_gas,72800.07840000001
1177,2039,reg1,Industry_mix,Natural_gas,72741.46320000003
1178,2040,reg1,Industry_mix,Natural_gas,72682.84800000001
1179,2041,reg1,Industry_mix,Natural_gas,72682.84800000001
1180,2042,reg1,Industry_mix,Natural_gas,72682.84800000001
1181,2043,reg1,Industry_mix,Natural_gas,72682.84800000001
1182,2044,reg1,Industry_mix,Natural_gas,72682.84800000001
1183,2045,reg1,Industry_mix,Natural_gas,72682.84800000001
1184,2046,reg1,Industry_mix,Natural_gas,72682.84800000001
1185,2047,reg1,Industry_mix,Natural_gas,72682.84800000001
1186,2048,reg1,Industry_mix,Natural_gas,72682.84800000001
1187,2049,reg1,Industry_mix,Natural_gas,72682.84800000001
1188,2050,reg1,Industry_mix,Natural_gas,72682.84800000001
1189,2022,reg1,Industry_mix,Heat,22609.881962942956
1190,2023,reg1,Industry_mix,Heat,25579.805630801427
1191,2024,reg1,Industry_mix,Heat,28510.178309820447
1192,2025,reg1,Industry_mix,Heat,31401.000000000015
1193,2026,reg1,Industry_mix,Heat,31407.2850495753
1194,2027,reg1,Industry_mix,Heat,31410.427574362948
1195,2028,reg1,Industry_mix,Heat,31410.42757436294
1196,2029,reg1,Industry_mix,Heat,31407.285049575305
1197,2030,reg1,Industry_mix,Heat,31401.000000000022
1198,2031,reg1,Industry_mix,Heat,31492.086160000017
1199,2032,reg1,Industry_mix,Heat,31582.986240000006
1200,2033,reg1,Industry_mix,Heat,31673.70024000001
1201,2034,reg1,Industry_mix,Heat,31764.228160000006
1202,2035,reg1,Industry_mix,Heat,31854.570000000007
1203,2036,reg1,Industry_mix,Heat,31944.72576000001
1204,2037,reg1,Industry_mix,Heat,32034.695440000018
1205,2038,reg1,Industry_mix,Heat,32124.47904000001
1206,2039,reg1,Industry_mix,Heat,32214.07656000001
1207,2040,reg1,Industry_mix,Heat,32303.488000000005
1208,2041,reg1,Industry_mix,Heat,32303.488000000005
1209,2042,reg1,Industry_mix,Heat,32303.488000000005
1210,2043,reg1,Industry_mix,Heat,32303.488000000005
1211,2044,reg1,Industry_mix,Heat,32303.488000000005
1212,2045,reg1,Industry_mix,Heat,32303.488000000005
1213,2046,reg1,Industry_mix,Heat,32303.488000000005
1214,2047,reg1,Industry_mix,Heat,32303.488000000005
1215,2048,reg1,Industry_mix,Heat,32303.488000000005
1216,2049,reg1,Industry_mix,Heat,32303.488000000005
1217,2050,reg1,Industry_mix,Heat,32303.488000000005
1218,2022,reg1,Industry_mix,Secondary_electricity,108517.47376912151
1219,2023,reg1,Industry_mix,Secondary_electricity,110761.19736223675
1220,2024,reg1,Industry_mix,Secondary_electricity,112967.7061058629
1221,2025,reg1,Industry_mix,Secondary_electricity,115137.00000000006
1222,2026,reg1,Industry_mix,Secondary_electricity,114442.14854177611
1223,2027,reg1,Industry_mix,Secondary_electricity,113745.82281266413
1224,2028,reg1,Industry_mix,Secondary_electricity,113048.02281266413
1225,2029,reg1,Industry_mix,Secondary_electricity,112348.74854177613
1226,2030,reg1,Industry_mix,Secondary_electricity,111648.00000000006
1227,2031,reg1,Industry_mix,Secondary_electricity,111674.88856000006
1228,2032,reg1,Industry_mix,Secondary_electricity,111701.59104000003
1229,2033,reg1,Industry_mix,Secondary_electricity,111728.10744000004
1230,2034,reg1,Industry_mix,Secondary_electricity,111754.43776000003
1231,2035,reg1,Industry_mix,Secondary_electricity,111780.58200000004
1232,2036,reg1,Industry_mix,Secondary_electricity,111806.54016000005
1233,2037,reg1,Industry_mix,Secondary_electricity,111832.31224000009
1234,2038,reg1,Industry_mix,Secondary_electricity,111857.89824000007
1235,2039,reg1,Industry_mix,Secondary_electricity,111883.29816000006
1236,2040,reg1,Industry_mix,Secondary_electricity,111908.51200000002
1237,2041,reg1,Industry_mix,Secondary_electricity,111908.51200000002
1238,2042,reg1,Industry_mix,Secondary_electricity,111908.51200000002
1239,2043,reg1,Industry_mix,Secondary_electricity,111908.51200000002
1240,2044,reg1,Industry_mix,Secondary_electricity,111908.51200000002
1241,2045,reg1,Industry_mix,Secondary_electricity,111908.51200000002
1242,2046,reg1,Industry_mix,Secondary_electricity,111908.51200000002
1243,2047,reg1,Industry_mix,Secondary_electricity,111908.51200000002
1244,2048,reg1,Industry_mix,Secondary_electricity,111908.51200000002
1245,2049,reg1,Industry_mix,Secondary_electricity,111908.51200000002
1246,2050,reg1,Industry_mix,Secondary_electricity,111908.51200000002
1247,2022,reg1,Industry_mix,Biofuels_waste,8809.940506860723
1248,2023,reg1,Industry_mix,Biofuels_waste,13689.333630172192
1249,2024,reg1,Industry_mix,Biofuels_waste,18506.02012788528
1250,2025,reg1,Industry_mix,Biofuels_waste,23260.000000000007
1251,2026,reg1,Industry_mix,Biofuels_waste,25418.345512278
1252,2027,reg1,Industry_mix,Biofuels_waste,27544.218268416997
1253,2028,reg1,Industry_mix,Biofuels_waste,29637.618268416994
1254,2029,reg1,Industry_mix,Biofuels_waste,31698.545512278008
1255,2030,reg1,Industry_mix,Biofuels_waste,33727.000000000015
1256,2031,reg1,Industry_mix,Biofuels_waste,34048.63928000002
1257,2032,reg1,Industry_mix,Biofuels_waste,34369.72032000001
1258,2033,reg1,Industry_mix,Biofuels_waste,34690.24312000001
1259,2034,reg1,Industry_mix,Biofuels_waste,35010.207680000014
1260,2035,reg1,Industry_mix,Biofuels_waste,35329.614000000016
1261,2036,reg1,Industry_mix,Biofuels_waste,35648.46208000002
1262,2037,reg1,Industry_mix,Biofuels_waste,35966.751920000024
1263,2038,reg1,Industry_mix,Biofuels_waste,36284.48352000002
1264,2039,reg1,Industry_mix,Biofuels_waste,36601.656880000024
1265,2040,reg1,Industry_mix,Biofuels_waste,36918.27200000001
1266,2041,reg1,Industry_mix,Biofuels_waste,36918.27200000001
1267,2042,reg1,Industry_mix,Biofuels_waste,36918.27200000001
1268,2043,reg1,Industry_mix,Biofuels_waste,36918.27200000001
1269,2044,reg1,Industry_mix,Biofuels_waste,36918.27200000001
1270,2045,reg1,Industry_mix,Biofuels_waste,36918.27200000001
1271,2046,reg1,Industry_mix,Biofuels_waste,36918.27200000001
1272,2047,reg1,Industry_mix,Biofuels_waste,36918.27200000001
1273,2048,reg1,Industry_mix,Biofuels_waste,36918.27200000001
1274,2049,reg1,Industry_mix,Biofuels_waste,36918.27200000001
1275,2050,reg1,Industry_mix,Biofuels_waste,36918.27200000001
1276,2022,reg1,Industry_mix,E-fuels,0.0
1277,2023,reg1,Industry_mix,E-fuels,0.0
1278,2024,reg1,Industry_mix,E-fuels,0.0
1279,2025,reg1,Industry_mix,E-fuels,0.0
1280,2026,reg1,Industry_mix,E-fuels,0.0
1281,2027,reg1,Industry_mix,E-fuels,0.0
1282,2028,reg1,Industry_mix,E-fuels,0.0
1283,2029,reg1,Industry_mix,E-fuels,0.0
1284,2030,reg1,Industry_mix,E-fuels,0.0
1285,2031,reg1,Industry_mix,E-fuels,0.0
1286,2032,reg1,Industry_mix,E-fuels,0.0
1287,2033,reg1,Industry_mix,E-fuels,0.0
1288,2034,reg1,Industry_mix,E-fuels,0.0
1289,2035,reg1,Industry_mix,E-fuels,0.0
1290,2036,reg1,Industry_mix,E-fuels,0.0
1291,2037,reg1,Industry_mix,E-fuels,0.0
1292,2038,reg1,Industry_mix,E-fuels,0.0
1293,2039,reg1,Industry_mix,E-fuels,0.0
1294,2040,reg1,Industry_mix,E-fuels,0.0
1295,2041,reg1,Industry_mix,E-fuels,0.0
1296,2042,reg1,Industry_mix,E-fuels,0.0
1297,2043,reg1,Industry_mix,E-fuels,0.0
1298,2044,reg1,Industry_mix,E-fuels,0.0
1299,2045,reg1,Industry_mix,E-fuels,0.0
1300,2046,reg1,Industry_mix,E-fuels,0.0
1301,2047,reg1,Industry_mix,E-fuels,0.0
1302,2048,reg1,Industry_mix,E-fuels,0.0
1303,2049,reg1,Industry_mix,E-fuels,0.0
1304,2050,reg1,Industry_mix,E-fuels,0.0
1305,2022,reg1,Industry_mix,Hydrogen,0.0
1306,2023,reg1,Industry_mix,Hydrogen,0.0
1307,2024,reg1,Industry_mix,Hydrogen,0.0
1308,2025,reg1,Industry_mix,Hydrogen,0.0
1309,2026,reg1,Industry_mix,Hydrogen,0.0
1310,2027,reg1,Industry_mix,Hydrogen,0.0
1311,2028,reg1,Industry_mix,Hydrogen,0.0
1312,2029,reg1,Industry_mix,Hydrogen,0.0
1313,2030,reg1,Industry_mix,Hydrogen,0.0
1314,2031,reg1,Industry_mix,Hydrogen,0.0
1315,2032,reg1,Industry_mix,Hydrogen,0.0
1316,2033,reg1,Industry_mix,Hydrogen,0.0
1317,2034,reg1,Industry_mix,Hydrogen,0.0
1318,2035,reg1,Industry_mix,Hydrogen,0.0
1319,2036,reg1,Industry_mix,Hydrogen,0.0
1320,2037,reg1,Industry_mix,Hydrogen,0.0
1321,2038,reg1,Industry_mix,Hydrogen,0.0
1322,2039,reg1,Industry_mix,Hydrogen,0.0
1323,2040,reg1,Industry_mix,Hydrogen,0.0
1324,2041,reg1,Industry_mix,Hydrogen,0.0
1325,2042,reg1,Industry_mix,Hydrogen,0.0
1326,2043,reg1,Industry_mix,Hydrogen,0.0
1327,2044,reg1,Industry_mix,Hydrogen,0.0
1328,2045,reg1,Industry_mix,Hydrogen,0.0
1329,2046,reg1,Industry_mix,Hydrogen,0.0
1330,2047,reg1,Industry_mix,Hydrogen,0.0
1331,2048,reg1,Industry_mix,Hydrogen,0.0
1332,2049,reg1,Industry_mix,Hydrogen,0.0
1333,2050,reg1,Industry_mix,Hydrogen,0.0
1334,2022,reg1,Export_mix,Solid_fossil_fuels,2753.3094600000013
1335,2023,reg1,Export_mix,Solid_fossil_fuels,2753.3094600000013
1336,2024,reg1,Export_mix,Solid_fossil_fuels,2753.3094600000013
1337,2025,reg1,Export_mix,Solid_fossil_fuels,2753.3094600000013
1338,2026,reg1,Export_mix,Solid_fossil_fuels,2753.3094600000013
1339,2027,reg1,Export_mix,Solid_fossil_fuels,2753.3094600000013
1340,2028,reg1,Export_mix,Solid_fossil_fuels,2753.3094600000013
1341,2029,reg1,Export_mix,Solid_fossil_fuels,2753.3094600000013
1342,2030,reg1,Export_mix,Solid_fossil_fuels,2753.3094600000013
1343,2031,reg1,Export_mix,Solid_fossil_fuels,2753.3094600000013
1344,2032,reg1,Export_mix,Solid_fossil_fuels,2753.3094600000013
1345,2033,reg1,Export_mix,Solid_fossil_fuels,2753.3094600000013
1346,2034,reg1,Export_mix,Solid_fossil_fuels,2753.3094600000013
1347,2035,reg1,Export_mix,Solid_fossil_fuels,2753.3094600000013
1348,2036,reg1,Export_mix,Solid_fossil_fuels,2753.3094600000013
1349,2037,reg1,Export_mix,Solid_fossil_fuels,2753.3094600000013
1350,2038,reg1,Export_mix,Solid_fossil_fuels,2753.3094600000013
1351,2039,reg1,Export_mix,Solid_fossil_fuels,2753.3094600000013
1352,2040,reg1,Export_mix,Solid_fossil_fuels,2753.3094600000013
1353,2041,reg1,Export_mix,Solid_fossil_fuels,2753.3094600000013
1354,2042,reg1,Export_mix,Solid_fossil_fuels,2753.3094600000013
1355,2043,reg1,Export_mix,Solid_fossil_fuels,2753.3094600000013
1356,2044,reg1,Export_mix,Solid_fossil_fuels,2753.3094600000013
1357,2045,reg1,Export_mix,Solid_fossil_fuels,2753.3094600000013
1358,2046,reg1,Export_mix,Solid_fossil_fuels,2753.3094600000013
1359,2047,reg1,Export_mix,Solid_fossil_fuels,2753.3094600000013
1360,2048,reg1,Export_mix,Solid_fossil_fuels,2753.3094600000013
1361,2049,reg1,Export_mix,Solid_fossil_fuels,2753.3094600000013
1362,2050,reg1,Export_mix,Solid_fossil_fuels,2753.3094600000013
1363,2022,reg1,Export_mix,Oil_products,326555.94391000015
1364,2023,reg1,Export_mix,Oil_products,326555.94391000026
1365,2024,reg1,Export_mix,Oil_products,326555.94391000026
1366,2025,reg1,Export_mix,Oil_products,326555.94391000026
1367,2026,reg1,Export_mix,Oil_products,326555.94391000026
1368,2027,reg1,Export_mix,Oil_products,326555.94391000026
1369,2028,reg1,Export_mix,Oil_products,326555.94391000026
1370,2029,reg1,Export_mix,Oil_products,326555.94391000026
1371,2030,reg1,Export_mix,Oil_products,326555.94391000026
1372,2031,reg1,Export_mix,Oil_products,326555.94391000026
1373,2032,reg1,Export_mix,Oil_products,326555.94391000026
1374,2033,reg1,Export_mix,Oil_products,326555.94391000026
1375,2034,reg1,Export_mix,Oil_products,326555.94391000026
1376,2035,reg1,Export_mix,Oil_products,326555.94391000026
1377,2036,reg1,Export_mix,Oil_products,326555.94391000026
1378,2037,reg1,Export_mix,Oil_products,326555.94391000026
1379,2038,reg1,Export_mix,Oil_products,326555.94391000026
1380,2039,reg1,Export_mix,Oil_products,326555.94391000026
1381,2040,reg1,Export_mix,Oil_products,326555.94391000026
1382,2041,reg1,Export_mix,Oil_products,326555.94391000026
1383,2042,reg1,Export_mix,Oil_products,326555.94391000026
1384,2043,reg1,Export_mix,Oil_products,326555.94391000026
1385,2044,reg1,Export_mix,Oil_products,326555.94391000026
1386,2045,reg1,Export_mix,Oil_products,326555.94391000026
1387,2046,reg1,Export_mix,Oil_products,326555.94391000026
1388,2047,reg1,Export_mix,Oil_products,326555.94391000026
1389,2048,reg1,Export_mix,Oil_products,326555.94391000026
1390,2049,reg1,Export_mix,Oil_products,326555.94391000026
1391,2050,reg1,Export_mix,Oil_products,326555.94391000026
1392,2022,reg1,Export_mix,Natural_gas,43947.92083000002
1393,2023,reg1,Export_mix,Natural_gas,43947.92083000002
1394,2024,reg1,Export_mix,Natural_gas,43947.92083000002
1395,2025,reg1,Export_mix,Natural_gas,43947.92083000002
1396,2026,reg1,Export_mix,Natural_gas,43947.92083000002
1397,2027,reg1,Export_mix,Natural_gas,43947.92083000002
1398,2028,reg1,Export_mix,Natural_gas,43947.92083000002
1399,2029,reg1,Export_mix,Natural_gas,43947.92083000002
1400,2030,reg1,Export_mix,Natural_gas,43947.92083000002
1401,2031,reg1,Export_mix,Natural_gas,43947.92083000002
1402,2032,reg1,Export_mix,Natural_gas,43947.92083000002
1403,2033,reg1,Export_mix,Natural_gas,43947.92083000002
1404,2034,reg1,Export_mix,Natural_gas,43947.92083000002
1405,2035,reg1,Export_mix,Natural_gas,43947.92083000002
1406,2036,reg1,Export_mix,Natural_gas,43947.92083000002
1407,2037,reg1,Export_mix,Natural_gas,43947.92083000002
1408,2038,reg1,Export_mix,Natural_gas,43947.92083000002
1409,2039,reg1,Export_mix,Natural_gas,43947.92083000002
1410,2040,reg1,Export_mix,Natural_gas,43947.92083000002
1411,2041,reg1,Export_mix,Natural_gas,43947.92083000002
1412,2042,reg1,Export_mix,Natural_gas,43947.92083000002
1413,2043,reg1,Export_mix,Natural_gas,43947.92083000002
1414,2044,reg1,Export_mix,Natural_gas,43947.92083000002
1415,2045,reg1,Export_mix,Natural_gas,43947.92083000002
1416,2046,reg1,Export_mix,Natural_gas,43947.92083000002
1417,2047,reg1,Export_mix,Natural_gas,43947.92083000002
1418,2048,reg1,Export_mix,Natural_gas,43947.92083000002
1419,2049,reg1,Export_mix,Natural_gas,43947.92083000002
1420,2050,reg1,Export_mix,Natural_gas,43947.92083000002
1421,2022,reg1,Export_mix,Heat,0.0
1422,2023,reg1,Export_mix,Heat,0.0
1423,2024,reg1,Export_mix,Heat,0.0
1424,2025,reg1,Export_mix,Heat,0.0
1425,2026,reg1,Export_mix,Heat,0.0
1426,2027,reg1,Export_mix,Heat,0.0
1427,2028,reg1,Export_mix,Heat,0.0
1428,2029,reg1,Export_mix,Heat,0.0
1429,2030,reg1,Export_mix,Heat,0.0
1430,2031,reg1,Export_mix,Heat,0.0
1431,2032,reg1,Export_mix,Heat,0.0
1432,2033,reg1,Export_mix,Heat,0.0
1433,2034,reg1,Export_mix,Heat,0.0
1434,2035,reg1,Export_mix,Heat,0.0
1435,2036,reg1,Export_mix,Heat,0.0
1436,2037,reg1,Export_mix,Heat,0.0
1437,2038,reg1,Export_mix,Heat,0.0
1438,2039,reg1,Export_mix,Heat,0.0
1439,2040,reg1,Export_mix,Heat,0.0
1440,2041,reg1,Export_mix,Heat,0.0
1441,2042,reg1,Export_mix,Heat,0.0
1442,2043,reg1,Export_mix,Heat,0.0
1443,2044,reg1,Export_mix,Heat,0.0
1444,2045,reg1,Export_mix,Heat,0.0
1445,2046,reg1,Export_mix,Heat,0.0
1446,2047,reg1,Export_mix,Heat,0.0
1447,2048,reg1,Export_mix,Heat,0.0
1448,2049,reg1,Export_mix,Heat,0.0
1449,2050,reg1,Export_mix,Heat,0.0
1450,2022,reg1,Export_mix,Secondary_electricity,4404.234480000001
1451,2023,reg1,Export_mix,Secondary_electricity,4404.234480000001
1452,2024,reg1,Export_mix,Secondary_electricity,4404.234480000001
1453,2025,reg1,Export_mix,Secondary_electricity,4404.234480000001
1454,2026,reg1,Export_mix,Secondary_electricity,4404.234480000001
1455,2027,reg1,Export_mix,Secondary_electricity,4404.234480000001
1456,2028,reg1,Export_mix,Secondary_electricity,4404.234480000001
1457,2029,reg1,Export_mix,Secondary_electricity,4404.234480000001
1458,2030,reg1,Export_mix,Secondary_electricity,4404.234480000001
1459,2031,reg1,Export_mix,Secondary_electricity,4404.234480000001
1460,2032,reg1,Export_mix,Secondary_electricity,4404.234480000001
1461,2033,reg1,Export_mix,Secondary_electricity,4404.234480000001
1462,2034,reg1,Export_mix,Secondary_electricity,4404.234480000001
1463,2035,reg1,Export_mix,Secondary_electricity,4404.234480000001
1464,2036,reg1,Export_mix,Secondary_electricity,4404.234480000001
1465,2037,reg1,Export_mix,Secondary_electricity,4404.234480000001
1466,2038,reg1,Export_mix,Secondary_electricity,4404.234480000001
1467,2039,reg1,Export_mix,Secondary_electricity,4404.234480000001
1468,2040,reg1,Export_mix,Secondary_electricity,4404.234480000001
1469,2041,reg1,Export_mix,Secondary_electricity,4404.234480000001
1470,2042,reg1,Export_mix,Secondary_electricity,4404.234480000001
1471,2043,reg1,Export_mix,Secondary_electricity,4404.234480000001
1472,2044,reg1,Export_mix,Secondary_electricity,4404.234480000001
1473,2045,reg1,Export_mix,Secondary_electricity,4404.234480000001
1474,2046,reg1,Export_mix,Secondary_electricity,4404.234480000001
1475,2047,reg1,Export_mix,Secondary_electricity,4404.234480000001
1476,2048,reg1,Export_mix,Secondary_electricity,4404.234480000001
1477,2049,reg1,Export_mix,Secondary_electricity,4404.234480000001
1478,2050,reg1,Export_mix,Secondary_electricity,4404.234480000001
1479,2022,reg1,Export_mix,Biofuels_waste,7097.370320000004
1480,2023,reg1,Export_mix,Biofuels_waste,7097.370320000004
1481,2024,reg1,Export_mix,Biofuels_waste,7097.370320000004
1482,2025,reg1,Export_mix,Biofuels_waste,7097.370320000004
1483,2026,reg1,Export_mix,Biofuels_waste,7097.370320000004
1484,2027,reg1,Export_mix,Biofuels_waste,7097.370320000004
1485,2028,reg1,Export_mix,Biofuels_waste,7097.370320000004
1486,2029,reg1,Export_mix,Biofuels_waste,7097.370320000004
1487,2030,reg1,Export_mix,Biofuels_waste,7097.370320000004
1488,2031,reg1,Export_mix,Biofuels_waste,7097.370320000004
1489,2032,reg1,Export_mix,Biofuels_waste,7097.370320000004
1490,2033,reg1,Export_mix,Biofuels_waste,7097.370320000004
1491,2034,reg1,Export_mix,Biofuels_waste,7097.370320000004
1492,2035,reg1,Export_mix,Biofuels_waste,7097.370320000004
1493,2036,reg1,Export_mix,Biofuels_waste,7097.370320000004
1494,2037,reg1,Export_mix,Biofuels_waste,7097.370320000004
1495,2038,reg1,Export_mix,Biofuels_waste,7097.370320000004
1496,2039,reg1,Export_mix,Biofuels_waste,7097.370320000004
1497,2040,reg1,Export_mix,Biofuels_waste,7097.370320000004
1498,2041,reg1,Export_mix,Biofuels_waste,7097.370320000004
1499,2042,reg1,Export_mix,Biofuels_waste,7097.370320000004
1500,2043,reg1,Export_mix,Biofuels_waste,7097.370320000004
1501,2044,reg1,Export_mix,Biofuels_waste,7097.370320000004
1502,2045,reg1,Export_mix,Biofuels_waste,7097.370320000004
1503,2046,reg1,Export_mix,Biofuels_waste,7097.370320000004
1504,2047,reg1,Export_mix,Biofuels_waste,7097.370320000004
1505,2048,reg1,Export_mix,Biofuels_waste,7097.370320000004
1506,2049,reg1,Export_mix,Biofuels_waste,7097.370320000004
1507,2050,reg1,Export_mix,Biofuels_waste,7097.370320000004
1508,2022,reg1,Export_mix,E-fuels,0.0
1509,2023,reg1,Export_mix,E-fuels,0.0
1510,2024,reg1,Export_mix,E-fuels,0.0
1511,2025,reg1,Export_mix,E-fuels,0.0
1512,2026,reg1,Export_mix,E-fuels,0.0
1513,2027,reg1,Export_mix,E-fuels,0.0
1514,2028,reg1,Export_mix,E-fuels,0.0
1515,2029,reg1,Export_mix,E-fuels,0.0
1516,2030,reg1,Export_mix,E-fuels,0.0
1517,2031,reg1,Export_mix,E-fuels,0.0
1518,2032,reg1,Export_mix,E-fuels,0.0
1519,2033,reg1,Export_mix,E-fuels,0.0
1520,2034,reg1,Export_mix,E-fuels,0.0
1521,2035,reg1,Export_mix,E-fuels,0.0
1522,2036,reg1,Export_mix,E-fuels,0.0
1523,2037,reg1,Export_mix,E-fuels,0.0
1524,2038,reg1,Export_mix,E-fuels,0.0
1525,2039,reg1,Export_mix,E-fuels,0.0
1526,2040,reg1,Export_mix,E-fuels,0.0
1527,2041,reg1,Export_mix,E-fuels,0.0
1528,2042,reg1,Export_mix,E-fuels,0.0
1529,2043,reg1,Export_mix,E-fuels,0.0
1530,2044,reg1,Export_mix,E-fuels,0.0
1531,2045,reg1,Export_mix,E-fuels,0.0
1532,2046,reg1,Export_mix,E-fuels,0.0
1533,2047,reg1,Export_mix,E-fuels,0.0
1534,2048,reg1,Export_mix,E-fuels,0.0
1535,2049,reg1,Export_mix,E-fuels,0.0
1536,2050,reg1,Export_mix,E-fuels,0.0
1537,2022,reg1,Export_mix,Hydrogen,0.0
1538,2023,reg1,Export_mix,Hydrogen,0.0
1539,2024,reg1,Export_mix,Hydrogen,0.0
1540,2025,reg1,Export_mix,Hydrogen,0.0
1541,2026,reg1,Export_mix,Hydrogen,0.0
1542,2027,reg1,Export_mix,Hydrogen,0.0
1543,2028,reg1,Export_mix,Hydrogen,0.0
1544,2029,reg1,Export_mix,Hydrogen,0.0
1545,2030,reg1,Export_mix,Hydrogen,0.0
1546,2031,reg1,Export_mix,Hydrogen,0.0
1547,2032,reg1,Export_mix,Hydrogen,0.0
1548,2033,reg1,Export_mix,Hydrogen,0.0
1549,2034,reg1,Export_mix,Hydrogen,0.0
1550,2035,reg1,Export_mix,Hydrogen,0.0
1551,2036,reg1,Export_mix,Hydrogen,0.0
1552,2037,reg1,Export_mix,Hydrogen,0.0
1553,2038,reg1,Export_mix,Hydrogen,0.0
1554,2039,reg1,Export_mix,Hydrogen,0.0
1555,2040,reg1,Export_mix,Hydrogen,0.0
1556,2041,reg1,Export_mix,Hydrogen,0.0
1557,2042,reg1,Export_mix,Hydrogen,0.0
1558,2043,reg1,Export_mix,Hydrogen,0.0
1559,2044,reg1,Export_mix,Hydrogen,0.0
1560,2045,reg1,Export_mix,Hydrogen,0.0
1561,2046,reg1,Export_mix,Hydrogen,0.0
1562,2047,reg1,Export_mix,Hydrogen,0.0
1563,2048,reg1,Export_mix,Hydrogen,0.0
1564,2049,reg1,Export_mix,Hydrogen,0.0
1565,2050,reg1,Export_mix,Hydrogen,0.0
1566,2022,reg1,Elec_transmission_distribution,Electricity,311817.5784998395
1567,2023,reg1,Elec_transmission_distribution,Electricity,310915.9485566345
1568,2024,reg1,Elec_transmission_distribution,Electricity,310045.97886439535
1569,2025,reg1,Elec_transmission_distribution,Electricity,309207.6694231222
1570,2026,reg1,Elec_transmission_distribution,Electricity,309052.08755216596
1571,2027,reg1,Elec_transmission_distribution,Electricity,308884.0511483538
1572,2028,reg1,Elec_transmission_distribution,Electricity,308703.5602116857
1573,2029,reg1,Elec_transmission_distribution,Electricity,308510.61474216165
1574,2030,reg1,Elec_transmission_distribution,Electricity,308305.21473978163
1575,2031,reg1,Elec_transmission_distribution,Electricity,308963.10789549636
1576,2032,reg1,Elec_transmission_distribution,Electricity,309621.97948691057
1577,2033,reg1,Elec_transmission_distribution,Electricity,310281.8295140242
1578,2034,reg1,Elec_transmission_distribution,Electricity,310942.65797683725
1579,2035,reg1,Elec_transmission_distribution,Electricity,311604.4648753498
1580,2036,reg1,Elec_transmission_distribution,Electricity,312267.2502095617
1581,2037,reg1,Elec_transmission_distribution,Electricity,312931.01397947315
1582,2038,reg1,Elec_transmission_distribution,Electricity,313595.75618508406
1583,2039,reg1,Elec_transmission_distribution,Electricity,314261.4768263944
1584,2040,reg1,Elec_transmission_distribution,Electricity,314928.17590340413
1585,2041,reg1,Elec_transmission_distribution,Electricity,314884.08787863364
1586,2042,reg1,Elec_transmission_distribution,Electricity,314839.99985386315
1587,2043,reg1,Elec_transmission_distribution,Electricity,314795.9118290927
1588,2044,reg1,Elec_transmission_distribution,Electricity,314751.8238043222
1589,2045,reg1,Elec_transmission_distribution,Electricity,314707.7357795518
1590,2046,reg1,Elec_transmission_distribution,Electricity,314663.6477547813
1591,2047,reg1,Elec_transmission_distribution,Electricity,314619.55973001086
1592,2048,reg1,Elec_transmission_distribution,Electricity,314575.47170524043
1593,2049,reg1,Elec_transmission_distribution,Electricity,314531.38368046994
1594,2050,reg1,Elec_transmission_distribution,Electricity,314487.29565569956
