,Datetime,Region,Technology,Emission,Value
0,2020,reg1,Oil_supply,CO2,13979711905.16356
1,2021,reg1,Oil_supply,CO2,14198917044.634033
2,2022,reg1,Oil_supply,CO2,15240439091.466791
3,2023,reg1,Oil_supply,CO2,14630439292.075447
4,2024,reg1,Oil_supply,CO2,14842756400.046402
5,2025,reg1,Oil_supply,CO2,15052777497.517517
6,2026,reg1,Oil_supply,CO2,14633908273.076136
7,2027,reg1,Oil_supply,CO2,14208200648.52316
8,2028,reg1,Oil_supply,CO2,13775728460.07091
9,2029,reg1,Oil_supply,CO2,13336568815.3796
10,2030,reg1,Oil_supply,CO2,12890802143.846466
11,2031,reg1,Oil_supply,CO2,12795814638.68545
12,2032,reg1,Oil_supply,CO2,12705264237.597195
13,2033,reg1,Oil_supply,CO2,12561902722.161182
14,2034,reg1,Oil_supply,CO2,12429193180.216885
15,2035,reg1,Oil_supply,CO2,12304530123.933117
16,2036,reg1,Oil_supply,CO2,12216366994.154612
17,2037,reg1,Oil_supply,CO2,11964653535.956911
18,2038,reg1,Oil_supply,CO2,10939203795.897017
19,2039,reg1,Oil_supply,CO2,10859084687.929571
20,2040,reg1,Oil_supply,CO2,10778965579.96213
21,2041,reg1,Oil_supply,CO2,10712872277.817019
22,2042,reg1,Oil_supply,CO2,10646778975.67188
23,2043,reg1,Oil_supply,CO2,10580672550.820135
24,2044,reg1,Oil_supply,CO2,10514636736.779415
25,2045,reg1,Oil_supply,CO2,10450035519.216627
26,2046,reg1,Oil_supply,CO2,10420017424.277164
27,2047,reg1,Oil_supply,CO2,10389999329.337713
28,2048,reg1,Oil_supply,CO2,10489122111.176773
29,2049,reg1,Oil_supply,CO2,10580745295.727179
30,2050,reg1,Oil_supply,CO2,10580745295.727179
31,2051,reg1,Oil_supply,CO2,10580745295.727179
32,2052,reg1,Oil_supply,CO2,10580745295.727179
33,2053,reg1,Oil_supply,CO2,10580745295.727179
34,2054,reg1,Oil_supply,CO2,10580745295.727186
35,2055,reg1,Oil_supply,CO2,10580745295.727186
36,2056,reg1,Oil_supply,CO2,10580745295.727179
37,2057,reg1,Oil_supply,CO2,10580745295.727179
38,2058,reg1,Oil_supply,CO2,10580745295.727179
39,2059,reg1,Oil_supply,CO2,10580745295.727186
40,2060,reg1,Oil_supply,CO2,10580745295.727179
41,2061,reg1,Oil_supply,CO2,10580745295.727186
42,2062,reg1,Oil_supply,CO2,10580745295.727179
43,2063,reg1,Oil_supply,CO2,10580745295.727179
44,2064,reg1,Oil_supply,CO2,10580745295.727179
45,2065,reg1,Oil_supply,CO2,10580745295.727179
46,2066,reg1,Oil_supply,CO2,10580745295.72718
47,2067,reg1,Oil_supply,CO2,10580745295.727179
48,2068,reg1,Oil_supply,CO2,10580745295.727179
49,2069,reg1,Oil_supply,CO2,10580745295.727179
50,2070,reg1,Oil_supply,CO2,10299945044.519352
51,2020,reg1,NG_supply,CO2,30411909306.46505
52,2021,reg1,NG_supply,CO2,26590718609.296017
53,2022,reg1,NG_supply,CO2,24739481001.6414
54,2023,reg1,NG_supply,CO2,25934201580.72999
55,2024,reg1,NG_supply,CO2,25443586785.26466
56,2025,reg1,NG_supply,CO2,24906426368.13546
57,2026,reg1,NG_supply,CO2,24302085650.42694
58,2027,reg1,NG_supply,CO2,23772788604.44488
59,2028,reg1,NG_supply,CO2,23455736101.98152
60,2029,reg1,NG_supply,CO2,23249557078.998596
61,2030,reg1,NG_supply,CO2,23029467207.43114
62,2031,reg1,NG_supply,CO2,22562097844.3977
63,2032,reg1,NG_supply,CO2,22226459996.646053
64,2033,reg1,NG_supply,CO2,21674225020.32746
65,2034,reg1,NG_supply,CO2,21304088111.864346
66,2035,reg1,NG_supply,CO2,20946927596.03111
67,2036,reg1,NG_supply,CO2,20671969038.968193
68,2037,reg1,NG_supply,CO2,20376148614.855606
69,2038,reg1,NG_supply,CO2,20014765822.47777
70,2039,reg1,NG_supply,CO2,19727689908.77864
71,2040,reg1,NG_supply,CO2,19444255134.65645
72,2041,reg1,NG_supply,CO2,19254738569.633465
73,2042,reg1,NG_supply,CO2,19065445442.84474
74,2043,reg1,NG_supply,CO2,19046205959.17616
75,2044,reg1,NG_supply,CO2,18673467675.09328
76,2045,reg1,NG_supply,CO2,18439519394.098797
77,2046,reg1,NG_supply,CO2,18405932838.65357
78,2047,reg1,NG_supply,CO2,18373926324.553898
79,2048,reg1,NG_supply,CO2,18319493282.14898
80,2049,reg1,NG_supply,CO2,18255702256.04272
81,2050,reg1,NG_supply,CO2,18184361725.74609
82,2051,reg1,NG_supply,CO2,18183940874.92531
83,2052,reg1,NG_supply,CO2,18183940874.92531
84,2053,reg1,NG_supply,CO2,18183940874.92531
85,2054,reg1,NG_supply,CO2,18342479599.591164
86,2055,reg1,NG_supply,CO2,18182383803.29813
87,2056,reg1,NG_supply,CO2,18183940874.92531
88,2057,reg1,NG_supply,CO2,18183940874.92531
89,2058,reg1,NG_supply,CO2,18183940874.92531
90,2059,reg1,NG_supply,CO2,18183940874.92531
91,2060,reg1,NG_supply,CO2,18183940874.92531
92,2061,reg1,NG_supply,CO2,18183940874.92531
93,2062,reg1,NG_supply,CO2,18183940874.92531
94,2063,reg1,NG_supply,CO2,18183940874.92531
95,2064,reg1,NG_supply,CO2,18183940874.925304
96,2065,reg1,NG_supply,CO2,18328402171.779305
97,2066,reg1,NG_supply,CO2,18181820297.208447
98,2067,reg1,NG_supply,CO2,18313932200.118587
99,2068,reg1,NG_supply,CO2,18296754304.140976
100,2069,reg1,NG_supply,CO2,18282317293.897213
101,2070,reg1,NG_supply,CO2,18244675166.60933
102,2020,reg1,SFF_supply,CO2,797579190.8007227
103,2021,reg1,SFF_supply,CO2,817366072.9217782
104,2022,reg1,SFF_supply,CO2,816620190.8001555
105,2023,reg1,SFF_supply,CO2,840389274.493872
106,2024,reg1,SFF_supply,CO2,864158358.1875881
107,2025,reg1,SFF_supply,CO2,887927441.8813047
108,2026,reg1,SFF_supply,CO2,848148141.7116376
109,2027,reg1,SFF_supply,CO2,808340467.0447172
110,2028,reg1,SFF_supply,CO2,768503660.6926137
111,2029,reg1,SFF_supply,CO2,728636938.2843373
112,2030,reg1,SFF_supply,CO2,688739487.0349504
113,2031,reg1,SFF_supply,CO2,659409984.5121045
114,2032,reg1,SFF_supply,CO2,641833106.8844471
115,2033,reg1,SFF_supply,CO2,600750979.4664118
116,2034,reg1,SFF_supply,CO2,571421476.9435656
117,2035,reg1,SFF_supply,CO2,542091974.4207194
118,2036,reg1,SFF_supply,CO2,513638710.1657065
119,2037,reg1,SFF_supply,CO2,485185445.9106937
120,2038,reg1,SFF_supply,CO2,456732181.65568084
121,2039,reg1,SFF_supply,CO2,428278917.40066797
122,2040,reg1,SFF_supply,CO2,399825653.14565504
123,2041,reg1,SFF_supply,CO2,372039154.7690364
124,2042,reg1,SFF_supply,CO2,344252656.3924176
125,2043,reg1,SFF_supply,CO2,318041452.0757022
126,2044,reg1,SFF_supply,CO2,288679659.63918036
127,2045,reg1,SFF_supply,CO2,260893161.26256135
128,2046,reg1,SFF_supply,CO2,262899594.44465354
129,2047,reg1,SFF_supply,CO2,264906027.62674585
130,2048,reg1,SFF_supply,CO2,266912460.80883816
131,2049,reg1,SFF_supply,CO2,268918893.99093044
132,2050,reg1,SFF_supply,CO2,270925327.17302275
133,2051,reg1,SFF_supply,CO2,270925327.17302275
134,2052,reg1,SFF_supply,CO2,270925327.17302275
135,2053,reg1,SFF_supply,CO2,270925327.17302275
136,2054,reg1,SFF_supply,CO2,270925327.17302275
137,2055,reg1,SFF_supply,CO2,270925327.17302275
138,2056,reg1,SFF_supply,CO2,270925327.17302275
139,2057,reg1,SFF_supply,CO2,270925327.17302275
140,2058,reg1,SFF_supply,CO2,270925327.17302275
141,2059,reg1,SFF_supply,CO2,270925327.17302275
142,2060,reg1,SFF_supply,CO2,270925327.17302275
143,2061,reg1,SFF_supply,CO2,270925327.17302275
144,2062,reg1,SFF_supply,CO2,270925327.17302275
145,2063,reg1,SFF_supply,CO2,270925327.17302275
146,2064,reg1,SFF_supply,CO2,270925327.17302275
147,2065,reg1,SFF_supply,CO2,270925327.17302275
148,2066,reg1,SFF_supply,CO2,270925327.17302275
149,2067,reg1,SFF_supply,CO2,270925327.17302275
150,2068,reg1,SFF_supply,CO2,270925327.17302275
151,2069,reg1,SFF_supply,CO2,270925327.17302275
152,2070,reg1,SFF_supply,CO2,270925327.17302275
153,2020,reg1,OP_supply,CO2,0.0
154,2021,reg1,OP_supply,CO2,0.0
155,2022,reg1,OP_supply,CO2,0.0
156,2023,reg1,OP_supply,CO2,0.0
157,2024,reg1,OP_supply,CO2,0.0
158,2025,reg1,OP_supply,CO2,0.0
159,2026,reg1,OP_supply,CO2,0.0
160,2027,reg1,OP_supply,CO2,0.0
161,2028,reg1,OP_supply,CO2,0.0
162,2029,reg1,OP_supply,CO2,0.0
163,2030,reg1,OP_supply,CO2,0.0
164,2031,reg1,OP_supply,CO2,0.0
165,2032,reg1,OP_supply,CO2,0.0
166,2033,reg1,OP_supply,CO2,0.0
167,2034,reg1,OP_supply,CO2,0.0
168,2035,reg1,OP_supply,CO2,0.0
169,2036,reg1,OP_supply,CO2,0.0
170,2037,reg1,OP_supply,CO2,0.0
171,2038,reg1,OP_supply,CO2,0.0
172,2039,reg1,OP_supply,CO2,0.0
173,2040,reg1,OP_supply,CO2,0.0
174,2041,reg1,OP_supply,CO2,0.0
175,2042,reg1,OP_supply,CO2,0.0
176,2043,reg1,OP_supply,CO2,0.0
177,2044,reg1,OP_supply,CO2,0.0
178,2045,reg1,OP_supply,CO2,0.0
179,2046,reg1,OP_supply,CO2,0.0
180,2047,reg1,OP_supply,CO2,0.0
181,2048,reg1,OP_supply,CO2,0.0
182,2049,reg1,OP_supply,CO2,0.0
183,2050,reg1,OP_supply,CO2,0.0
184,2051,reg1,OP_supply,CO2,0.0
185,2052,reg1,OP_supply,CO2,0.0
186,2053,reg1,OP_supply,CO2,0.0
187,2054,reg1,OP_supply,CO2,0.0
188,2055,reg1,OP_supply,CO2,0.0
189,2056,reg1,OP_supply,CO2,0.0
190,2057,reg1,OP_supply,CO2,0.0
191,2058,reg1,OP_supply,CO2,0.0
192,2059,reg1,OP_supply,CO2,0.0
193,2060,reg1,OP_supply,CO2,0.0
194,2061,reg1,OP_supply,CO2,0.0
195,2062,reg1,OP_supply,CO2,0.0
196,2063,reg1,OP_supply,CO2,0.0
197,2064,reg1,OP_supply,CO2,0.0
198,2065,reg1,OP_supply,CO2,0.0
199,2066,reg1,OP_supply,CO2,0.0
200,2067,reg1,OP_supply,CO2,0.0
201,2068,reg1,OP_supply,CO2,0.0
202,2069,reg1,OP_supply,CO2,0.0
203,2070,reg1,OP_supply,CO2,0.0
204,2020,reg1,BW_supply,CO2,0.0
205,2021,reg1,BW_supply,CO2,0.0
206,2022,reg1,BW_supply,CO2,0.0
207,2023,reg1,BW_supply,CO2,0.0
208,2024,reg1,BW_supply,CO2,0.0
209,2025,reg1,BW_supply,CO2,0.0
210,2026,reg1,BW_supply,CO2,0.0
211,2027,reg1,BW_supply,CO2,0.0
212,2028,reg1,BW_supply,CO2,0.0
213,2029,reg1,BW_supply,CO2,0.0
214,2030,reg1,BW_supply,CO2,0.0
215,2031,reg1,BW_supply,CO2,0.0
216,2032,reg1,BW_supply,CO2,0.0
217,2033,reg1,BW_supply,CO2,0.0
218,2034,reg1,BW_supply,CO2,0.0
219,2035,reg1,BW_supply,CO2,0.0
220,2036,reg1,BW_supply,CO2,0.0
221,2037,reg1,BW_supply,CO2,0.0
222,2038,reg1,BW_supply,CO2,0.0
223,2039,reg1,BW_supply,CO2,0.0
224,2040,reg1,BW_supply,CO2,0.0
225,2041,reg1,BW_supply,CO2,0.0
226,2042,reg1,BW_supply,CO2,0.0
227,2043,reg1,BW_supply,CO2,0.0
228,2044,reg1,BW_supply,CO2,0.0
229,2045,reg1,BW_supply,CO2,0.0
230,2046,reg1,BW_supply,CO2,0.0
231,2047,reg1,BW_supply,CO2,0.0
232,2048,reg1,BW_supply,CO2,0.0
233,2049,reg1,BW_supply,CO2,0.0
234,2050,reg1,BW_supply,CO2,0.0
235,2051,reg1,BW_supply,CO2,0.0
236,2052,reg1,BW_supply,CO2,0.0
237,2053,reg1,BW_supply,CO2,0.0
238,2054,reg1,BW_supply,CO2,0.0
239,2055,reg1,BW_supply,CO2,0.0
240,2056,reg1,BW_supply,CO2,0.0
241,2057,reg1,BW_supply,CO2,0.0
242,2058,reg1,BW_supply,CO2,0.0
243,2059,reg1,BW_supply,CO2,0.0
244,2060,reg1,BW_supply,CO2,0.0
245,2061,reg1,BW_supply,CO2,0.0
246,2062,reg1,BW_supply,CO2,0.0
247,2063,reg1,BW_supply,CO2,0.0
248,2064,reg1,BW_supply,CO2,0.0
249,2065,reg1,BW_supply,CO2,0.0
250,2066,reg1,BW_supply,CO2,0.0
251,2067,reg1,BW_supply,CO2,0.0
252,2068,reg1,BW_supply,CO2,0.0
253,2069,reg1,BW_supply,CO2,0.0
254,2070,reg1,BW_supply,CO2,0.0
255,2020,reg1,Bio_oil_supply,CO2,0.0
256,2021,reg1,Bio_oil_supply,CO2,0.0
257,2022,reg1,Bio_oil_supply,CO2,0.0
258,2023,reg1,Bio_oil_supply,CO2,0.0
259,2024,reg1,Bio_oil_supply,CO2,0.0
260,2025,reg1,Bio_oil_supply,CO2,0.0
261,2026,reg1,Bio_oil_supply,CO2,0.0
262,2027,reg1,Bio_oil_supply,CO2,0.0
263,2028,reg1,Bio_oil_supply,CO2,0.0
264,2029,reg1,Bio_oil_supply,CO2,0.0
265,2030,reg1,Bio_oil_supply,CO2,0.0
266,2031,reg1,Bio_oil_supply,CO2,0.0
267,2032,reg1,Bio_oil_supply,CO2,0.0
268,2033,reg1,Bio_oil_supply,CO2,0.0
269,2034,reg1,Bio_oil_supply,CO2,0.0
270,2035,reg1,Bio_oil_supply,CO2,0.0
271,2036,reg1,Bio_oil_supply,CO2,0.0
272,2037,reg1,Bio_oil_supply,CO2,0.0
273,2038,reg1,Bio_oil_supply,CO2,0.0
274,2039,reg1,Bio_oil_supply,CO2,0.0
275,2040,reg1,Bio_oil_supply,CO2,0.0
276,2041,reg1,Bio_oil_supply,CO2,0.0
277,2042,reg1,Bio_oil_supply,CO2,0.0
278,2043,reg1,Bio_oil_supply,CO2,0.0
279,2044,reg1,Bio_oil_supply,CO2,0.0
280,2045,reg1,Bio_oil_supply,CO2,0.0
281,2046,reg1,Bio_oil_supply,CO2,0.0
282,2047,reg1,Bio_oil_supply,CO2,0.0
283,2048,reg1,Bio_oil_supply,CO2,0.0
284,2049,reg1,Bio_oil_supply,CO2,0.0
285,2050,reg1,Bio_oil_supply,CO2,0.0
286,2051,reg1,Bio_oil_supply,CO2,0.0
287,2052,reg1,Bio_oil_supply,CO2,0.0
288,2053,reg1,Bio_oil_supply,CO2,0.0
289,2054,reg1,Bio_oil_supply,CO2,0.0
290,2055,reg1,Bio_oil_supply,CO2,0.0
291,2056,reg1,Bio_oil_supply,CO2,0.0
292,2057,reg1,Bio_oil_supply,CO2,0.0
293,2058,reg1,Bio_oil_supply,CO2,0.0
294,2059,reg1,Bio_oil_supply,CO2,0.0
295,2060,reg1,Bio_oil_supply,CO2,0.0
296,2061,reg1,Bio_oil_supply,CO2,0.0
297,2062,reg1,Bio_oil_supply,CO2,0.0
298,2063,reg1,Bio_oil_supply,CO2,0.0
299,2064,reg1,Bio_oil_supply,CO2,0.0
300,2065,reg1,Bio_oil_supply,CO2,0.0
301,2066,reg1,Bio_oil_supply,CO2,0.0
302,2067,reg1,Bio_oil_supply,CO2,0.0
303,2068,reg1,Bio_oil_supply,CO2,0.0
304,2069,reg1,Bio_oil_supply,CO2,0.0
305,2070,reg1,Bio_oil_supply,CO2,0.0
306,2020,reg1,Geo_PP,CO2,882281795.9999995
307,2021,reg1,Geo_PP,CO2,892637692.7999996
308,2022,reg1,Geo_PP,CO2,950052003.0000005
309,2023,reg1,Geo_PP,CO2,913349486.3999995
310,2024,reg1,Geo_PP,CO2,923705383.1999993
311,2025,reg1,Geo_PP,CO2,934061279.9999998
312,2026,reg1,Geo_PP,CO2,940152984.0000005
313,2027,reg1,Geo_PP,CO2,946244687.9999999
314,2028,reg1,Geo_PP,CO2,952336392.0000005
315,2029,reg1,Geo_PP,CO2,958428096.0000054
316,2030,reg1,Geo_PP,CO2,964519799.9999831
317,2031,reg1,Geo_PP,CO2,964519800.0
318,2032,reg1,Geo_PP,CO2,964519799.9999996
319,2033,reg1,Geo_PP,CO2,964519799.9999999
320,2034,reg1,Geo_PP,CO2,964519799.9999995
321,2035,reg1,Geo_PP,CO2,964519799.9999995
322,2036,reg1,Geo_PP,CO2,964519799.9999995
323,2037,reg1,Geo_PP,CO2,964519799.9999998
324,2038,reg1,Geo_PP,CO2,964519799.9999998
325,2039,reg1,Geo_PP,CO2,964519799.9999999
326,2040,reg1,Geo_PP,CO2,964519800.0
327,2041,reg1,Geo_PP,CO2,964519799.9999995
328,2042,reg1,Geo_PP,CO2,964519799.9999995
329,2043,reg1,Geo_PP,CO2,964519799.9999995
330,2044,reg1,Geo_PP,CO2,964519799.9999995
331,2045,reg1,Geo_PP,CO2,964519799.9999995
332,2046,reg1,Geo_PP,CO2,964519799.9999995
333,2047,reg1,Geo_PP,CO2,964519799.9999995
334,2048,reg1,Geo_PP,CO2,964519799.9999995
335,2049,reg1,Geo_PP,CO2,964519799.9999995
336,2050,reg1,Geo_PP,CO2,964519799.9999995
337,2051,reg1,Geo_PP,CO2,964519800.0000001
338,2052,reg1,Geo_PP,CO2,964519800.0
339,2053,reg1,Geo_PP,CO2,964519800.0
340,2054,reg1,Geo_PP,CO2,964519800.0000002
341,2055,reg1,Geo_PP,CO2,964519800.0000001
342,2056,reg1,Geo_PP,CO2,964519800.0000001
343,2057,reg1,Geo_PP,CO2,964519799.9999999
344,2058,reg1,Geo_PP,CO2,964519800.0000001
345,2059,reg1,Geo_PP,CO2,964519800.0000001
346,2060,reg1,Geo_PP,CO2,964519800.0000001
347,2061,reg1,Geo_PP,CO2,964519799.9999998
348,2062,reg1,Geo_PP,CO2,964519799.9999999
349,2063,reg1,Geo_PP,CO2,964519799.9999996
350,2064,reg1,Geo_PP,CO2,964519799.9999998
351,2065,reg1,Geo_PP,CO2,964519800.0000001
352,2066,reg1,Geo_PP,CO2,964519800.0
353,2067,reg1,Geo_PP,CO2,964519799.9999995
354,2068,reg1,Geo_PP,CO2,964519799.9999999
355,2069,reg1,Geo_PP,CO2,964519799.9999995
356,2070,reg1,Geo_PP,CO2,964519800.0
357,2020,reg1,Solar_PV_PP,CO2,0.0
358,2021,reg1,Solar_PV_PP,CO2,0.0
359,2022,reg1,Solar_PV_PP,CO2,0.0
360,2023,reg1,Solar_PV_PP,CO2,0.0
361,2024,reg1,Solar_PV_PP,CO2,0.0
362,2025,reg1,Solar_PV_PP,CO2,0.0
363,2026,reg1,Solar_PV_PP,CO2,0.0
364,2027,reg1,Solar_PV_PP,CO2,0.0
365,2028,reg1,Solar_PV_PP,CO2,0.0
366,2029,reg1,Solar_PV_PP,CO2,0.0
367,2030,reg1,Solar_PV_PP,CO2,0.0
368,2031,reg1,Solar_PV_PP,CO2,0.0
369,2032,reg1,Solar_PV_PP,CO2,0.0
370,2033,reg1,Solar_PV_PP,CO2,0.0
371,2034,reg1,Solar_PV_PP,CO2,0.0
372,2035,reg1,Solar_PV_PP,CO2,0.0
373,2036,reg1,Solar_PV_PP,CO2,0.0
374,2037,reg1,Solar_PV_PP,CO2,0.0
375,2038,reg1,Solar_PV_PP,CO2,0.0
376,2039,reg1,Solar_PV_PP,CO2,0.0
377,2040,reg1,Solar_PV_PP,CO2,0.0
378,2041,reg1,Solar_PV_PP,CO2,0.0
379,2042,reg1,Solar_PV_PP,CO2,0.0
380,2043,reg1,Solar_PV_PP,CO2,0.0
381,2044,reg1,Solar_PV_PP,CO2,0.0
382,2045,reg1,Solar_PV_PP,CO2,0.0
383,2046,reg1,Solar_PV_PP,CO2,0.0
384,2047,reg1,Solar_PV_PP,CO2,0.0
385,2048,reg1,Solar_PV_PP,CO2,0.0
386,2049,reg1,Solar_PV_PP,CO2,0.0
387,2050,reg1,Solar_PV_PP,CO2,0.0
388,2051,reg1,Solar_PV_PP,CO2,0.0
389,2052,reg1,Solar_PV_PP,CO2,0.0
390,2053,reg1,Solar_PV_PP,CO2,0.0
391,2054,reg1,Solar_PV_PP,CO2,0.0
392,2055,reg1,Solar_PV_PP,CO2,0.0
393,2056,reg1,Solar_PV_PP,CO2,0.0
394,2057,reg1,Solar_PV_PP,CO2,0.0
395,2058,reg1,Solar_PV_PP,CO2,0.0
396,2059,reg1,Solar_PV_PP,CO2,0.0
397,2060,reg1,Solar_PV_PP,CO2,0.0
398,2061,reg1,Solar_PV_PP,CO2,0.0
399,2062,reg1,Solar_PV_PP,CO2,0.0
400,2063,reg1,Solar_PV_PP,CO2,0.0
401,2064,reg1,Solar_PV_PP,CO2,0.0
402,2065,reg1,Solar_PV_PP,CO2,0.0
403,2066,reg1,Solar_PV_PP,CO2,0.0
404,2067,reg1,Solar_PV_PP,CO2,0.0
405,2068,reg1,Solar_PV_PP,CO2,0.0
406,2069,reg1,Solar_PV_PP,CO2,0.0
407,2070,reg1,Solar_PV_PP,CO2,0.0
408,2020,reg1,Wind_PP,CO2,0.0
409,2021,reg1,Wind_PP,CO2,0.0
410,2022,reg1,Wind_PP,CO2,0.0
411,2023,reg1,Wind_PP,CO2,0.0
412,2024,reg1,Wind_PP,CO2,0.0
413,2025,reg1,Wind_PP,CO2,0.0
414,2026,reg1,Wind_PP,CO2,0.0
415,2027,reg1,Wind_PP,CO2,0.0
416,2028,reg1,Wind_PP,CO2,0.0
417,2029,reg1,Wind_PP,CO2,0.0
418,2030,reg1,Wind_PP,CO2,0.0
419,2031,reg1,Wind_PP,CO2,0.0
420,2032,reg1,Wind_PP,CO2,0.0
421,2033,reg1,Wind_PP,CO2,0.0
422,2034,reg1,Wind_PP,CO2,0.0
423,2035,reg1,Wind_PP,CO2,0.0
424,2036,reg1,Wind_PP,CO2,0.0
425,2037,reg1,Wind_PP,CO2,0.0
426,2038,reg1,Wind_PP,CO2,0.0
427,2039,reg1,Wind_PP,CO2,0.0
428,2040,reg1,Wind_PP,CO2,0.0
429,2041,reg1,Wind_PP,CO2,0.0
430,2042,reg1,Wind_PP,CO2,0.0
431,2043,reg1,Wind_PP,CO2,0.0
432,2044,reg1,Wind_PP,CO2,0.0
433,2045,reg1,Wind_PP,CO2,0.0
434,2046,reg1,Wind_PP,CO2,0.0
435,2047,reg1,Wind_PP,CO2,0.0
436,2048,reg1,Wind_PP,CO2,0.0
437,2049,reg1,Wind_PP,CO2,0.0
438,2050,reg1,Wind_PP,CO2,0.0
439,2051,reg1,Wind_PP,CO2,0.0
440,2052,reg1,Wind_PP,CO2,0.0
441,2053,reg1,Wind_PP,CO2,0.0
442,2054,reg1,Wind_PP,CO2,0.0
443,2055,reg1,Wind_PP,CO2,0.0
444,2056,reg1,Wind_PP,CO2,0.0
445,2057,reg1,Wind_PP,CO2,0.0
446,2058,reg1,Wind_PP,CO2,0.0
447,2059,reg1,Wind_PP,CO2,0.0
448,2060,reg1,Wind_PP,CO2,0.0
449,2061,reg1,Wind_PP,CO2,0.0
450,2062,reg1,Wind_PP,CO2,0.0
451,2063,reg1,Wind_PP,CO2,0.0
452,2064,reg1,Wind_PP,CO2,0.0
453,2065,reg1,Wind_PP,CO2,0.0
454,2066,reg1,Wind_PP,CO2,0.0
455,2067,reg1,Wind_PP,CO2,0.0
456,2068,reg1,Wind_PP,CO2,0.0
457,2069,reg1,Wind_PP,CO2,0.0
458,2070,reg1,Wind_PP,CO2,0.0
459,2020,reg1,Hydro_PP,CO2,0.0
460,2021,reg1,Hydro_PP,CO2,0.0
461,2022,reg1,Hydro_PP,CO2,0.0
462,2023,reg1,Hydro_PP,CO2,0.0
463,2024,reg1,Hydro_PP,CO2,0.0
464,2025,reg1,Hydro_PP,CO2,0.0
465,2026,reg1,Hydro_PP,CO2,0.0
466,2027,reg1,Hydro_PP,CO2,0.0
467,2028,reg1,Hydro_PP,CO2,0.0
468,2029,reg1,Hydro_PP,CO2,0.0
469,2030,reg1,Hydro_PP,CO2,0.0
470,2031,reg1,Hydro_PP,CO2,0.0
471,2032,reg1,Hydro_PP,CO2,0.0
472,2033,reg1,Hydro_PP,CO2,0.0
473,2034,reg1,Hydro_PP,CO2,0.0
474,2035,reg1,Hydro_PP,CO2,0.0
475,2036,reg1,Hydro_PP,CO2,0.0
476,2037,reg1,Hydro_PP,CO2,0.0
477,2038,reg1,Hydro_PP,CO2,0.0
478,2039,reg1,Hydro_PP,CO2,0.0
479,2040,reg1,Hydro_PP,CO2,0.0
480,2041,reg1,Hydro_PP,CO2,0.0
481,2042,reg1,Hydro_PP,CO2,0.0
482,2043,reg1,Hydro_PP,CO2,0.0
483,2044,reg1,Hydro_PP,CO2,0.0
484,2045,reg1,Hydro_PP,CO2,0.0
485,2046,reg1,Hydro_PP,CO2,0.0
486,2047,reg1,Hydro_PP,CO2,0.0
487,2048,reg1,Hydro_PP,CO2,0.0
488,2049,reg1,Hydro_PP,CO2,0.0
489,2050,reg1,Hydro_PP,CO2,0.0
490,2051,reg1,Hydro_PP,CO2,0.0
491,2052,reg1,Hydro_PP,CO2,0.0
492,2053,reg1,Hydro_PP,CO2,0.0
493,2054,reg1,Hydro_PP,CO2,0.0
494,2055,reg1,Hydro_PP,CO2,0.0
495,2056,reg1,Hydro_PP,CO2,0.0
496,2057,reg1,Hydro_PP,CO2,0.0
497,2058,reg1,Hydro_PP,CO2,0.0
498,2059,reg1,Hydro_PP,CO2,0.0
499,2060,reg1,Hydro_PP,CO2,0.0
500,2061,reg1,Hydro_PP,CO2,0.0
501,2062,reg1,Hydro_PP,CO2,0.0
502,2063,reg1,Hydro_PP,CO2,0.0
503,2064,reg1,Hydro_PP,CO2,0.0
504,2065,reg1,Hydro_PP,CO2,0.0
505,2066,reg1,Hydro_PP,CO2,0.0
506,2067,reg1,Hydro_PP,CO2,0.0
507,2068,reg1,Hydro_PP,CO2,0.0
508,2069,reg1,Hydro_PP,CO2,0.0
509,2070,reg1,Hydro_PP,CO2,0.0
510,2020,reg1,Pump_hydro_PP,CO2,0.0
511,2021,reg1,Pump_hydro_PP,CO2,0.0
512,2022,reg1,Pump_hydro_PP,CO2,0.0
513,2023,reg1,Pump_hydro_PP,CO2,0.0
514,2024,reg1,Pump_hydro_PP,CO2,0.0
515,2025,reg1,Pump_hydro_PP,CO2,0.0
516,2026,reg1,Pump_hydro_PP,CO2,0.0
517,2027,reg1,Pump_hydro_PP,CO2,0.0
518,2028,reg1,Pump_hydro_PP,CO2,0.0
519,2029,reg1,Pump_hydro_PP,CO2,0.0
520,2030,reg1,Pump_hydro_PP,CO2,0.0
521,2031,reg1,Pump_hydro_PP,CO2,0.0
522,2032,reg1,Pump_hydro_PP,CO2,0.0
523,2033,reg1,Pump_hydro_PP,CO2,0.0
524,2034,reg1,Pump_hydro_PP,CO2,0.0
525,2035,reg1,Pump_hydro_PP,CO2,0.0
526,2036,reg1,Pump_hydro_PP,CO2,0.0
527,2037,reg1,Pump_hydro_PP,CO2,0.0
528,2038,reg1,Pump_hydro_PP,CO2,0.0
529,2039,reg1,Pump_hydro_PP,CO2,0.0
530,2040,reg1,Pump_hydro_PP,CO2,0.0
531,2041,reg1,Pump_hydro_PP,CO2,0.0
532,2042,reg1,Pump_hydro_PP,CO2,0.0
533,2043,reg1,Pump_hydro_PP,CO2,0.0
534,2044,reg1,Pump_hydro_PP,CO2,0.0
535,2045,reg1,Pump_hydro_PP,CO2,0.0
536,2046,reg1,Pump_hydro_PP,CO2,0.0
537,2047,reg1,Pump_hydro_PP,CO2,0.0
538,2048,reg1,Pump_hydro_PP,CO2,0.0
539,2049,reg1,Pump_hydro_PP,CO2,0.0
540,2050,reg1,Pump_hydro_PP,CO2,0.0
541,2051,reg1,Pump_hydro_PP,CO2,0.0
542,2052,reg1,Pump_hydro_PP,CO2,0.0
543,2053,reg1,Pump_hydro_PP,CO2,0.0
544,2054,reg1,Pump_hydro_PP,CO2,0.0
545,2055,reg1,Pump_hydro_PP,CO2,0.0
546,2056,reg1,Pump_hydro_PP,CO2,0.0
547,2057,reg1,Pump_hydro_PP,CO2,0.0
548,2058,reg1,Pump_hydro_PP,CO2,0.0
549,2059,reg1,Pump_hydro_PP,CO2,0.0
550,2060,reg1,Pump_hydro_PP,CO2,0.0
551,2061,reg1,Pump_hydro_PP,CO2,0.0
552,2062,reg1,Pump_hydro_PP,CO2,0.0
553,2063,reg1,Pump_hydro_PP,CO2,0.0
554,2064,reg1,Pump_hydro_PP,CO2,0.0
555,2065,reg1,Pump_hydro_PP,CO2,0.0
556,2066,reg1,Pump_hydro_PP,CO2,0.0
557,2067,reg1,Pump_hydro_PP,CO2,0.0
558,2068,reg1,Pump_hydro_PP,CO2,0.0
559,2069,reg1,Pump_hydro_PP,CO2,0.0
560,2070,reg1,Pump_hydro_PP,CO2,0.0
561,2020,reg1,Electricity_imports,CO2,0.0
562,2021,reg1,Electricity_imports,CO2,0.0
563,2022,reg1,Electricity_imports,CO2,0.0
564,2023,reg1,Electricity_imports,CO2,0.0
565,2024,reg1,Electricity_imports,CO2,0.0
566,2025,reg1,Electricity_imports,CO2,0.0
567,2026,reg1,Electricity_imports,CO2,0.0
568,2027,reg1,Electricity_imports,CO2,0.0
569,2028,reg1,Electricity_imports,CO2,0.0
570,2029,reg1,Electricity_imports,CO2,0.0
571,2030,reg1,Electricity_imports,CO2,0.0
572,2031,reg1,Electricity_imports,CO2,0.0
573,2032,reg1,Electricity_imports,CO2,0.0
574,2033,reg1,Electricity_imports,CO2,0.0
575,2034,reg1,Electricity_imports,CO2,0.0
576,2035,reg1,Electricity_imports,CO2,0.0
577,2036,reg1,Electricity_imports,CO2,0.0
578,2037,reg1,Electricity_imports,CO2,0.0
579,2038,reg1,Electricity_imports,CO2,0.0
580,2039,reg1,Electricity_imports,CO2,0.0
581,2040,reg1,Electricity_imports,CO2,0.0
582,2041,reg1,Electricity_imports,CO2,0.0
583,2042,reg1,Electricity_imports,CO2,0.0
584,2043,reg1,Electricity_imports,CO2,0.0
585,2044,reg1,Electricity_imports,CO2,0.0
586,2045,reg1,Electricity_imports,CO2,0.0
587,2046,reg1,Electricity_imports,CO2,0.0
588,2047,reg1,Electricity_imports,CO2,0.0
589,2048,reg1,Electricity_imports,CO2,0.0
590,2049,reg1,Electricity_imports,CO2,0.0
591,2050,reg1,Electricity_imports,CO2,0.0
592,2051,reg1,Electricity_imports,CO2,0.0
593,2052,reg1,Electricity_imports,CO2,0.0
594,2053,reg1,Electricity_imports,CO2,0.0
595,2054,reg1,Electricity_imports,CO2,0.0
596,2055,reg1,Electricity_imports,CO2,0.0
597,2056,reg1,Electricity_imports,CO2,0.0
598,2057,reg1,Electricity_imports,CO2,0.0
599,2058,reg1,Electricity_imports,CO2,0.0
600,2059,reg1,Electricity_imports,CO2,0.0
601,2060,reg1,Electricity_imports,CO2,0.0
602,2061,reg1,Electricity_imports,CO2,0.0
603,2062,reg1,Electricity_imports,CO2,0.0
604,2063,reg1,Electricity_imports,CO2,0.0
605,2064,reg1,Electricity_imports,CO2,0.0
606,2065,reg1,Electricity_imports,CO2,0.0
607,2066,reg1,Electricity_imports,CO2,0.0
608,2067,reg1,Electricity_imports,CO2,0.0
609,2068,reg1,Electricity_imports,CO2,0.0
610,2069,reg1,Electricity_imports,CO2,0.0
611,2070,reg1,Electricity_imports,CO2,0.0
612,2020,reg1,Geo_HP,CO2,0.0
613,2021,reg1,Geo_HP,CO2,0.0
614,2022,reg1,Geo_HP,CO2,0.0
615,2023,reg1,Geo_HP,CO2,0.0
616,2024,reg1,Geo_HP,CO2,0.0
617,2025,reg1,Geo_HP,CO2,0.0
618,2026,reg1,Geo_HP,CO2,0.0
619,2027,reg1,Geo_HP,CO2,0.0
620,2028,reg1,Geo_HP,CO2,0.0
621,2029,reg1,Geo_HP,CO2,0.0
622,2030,reg1,Geo_HP,CO2,0.0
623,2031,reg1,Geo_HP,CO2,0.0
624,2032,reg1,Geo_HP,CO2,0.0
625,2033,reg1,Geo_HP,CO2,0.0
626,2034,reg1,Geo_HP,CO2,0.0
627,2035,reg1,Geo_HP,CO2,0.0
628,2036,reg1,Geo_HP,CO2,0.0
629,2037,reg1,Geo_HP,CO2,0.0
630,2038,reg1,Geo_HP,CO2,0.0
631,2039,reg1,Geo_HP,CO2,0.0
632,2040,reg1,Geo_HP,CO2,0.0
633,2041,reg1,Geo_HP,CO2,0.0
634,2042,reg1,Geo_HP,CO2,0.0
635,2043,reg1,Geo_HP,CO2,0.0
636,2044,reg1,Geo_HP,CO2,0.0
637,2045,reg1,Geo_HP,CO2,0.0
638,2046,reg1,Geo_HP,CO2,0.0
639,2047,reg1,Geo_HP,CO2,0.0
640,2048,reg1,Geo_HP,CO2,0.0
641,2049,reg1,Geo_HP,CO2,0.0
642,2050,reg1,Geo_HP,CO2,0.0
643,2051,reg1,Geo_HP,CO2,0.0
644,2052,reg1,Geo_HP,CO2,0.0
645,2053,reg1,Geo_HP,CO2,0.0
646,2054,reg1,Geo_HP,CO2,0.0
647,2055,reg1,Geo_HP,CO2,0.0
648,2056,reg1,Geo_HP,CO2,0.0
649,2057,reg1,Geo_HP,CO2,0.0
650,2058,reg1,Geo_HP,CO2,0.0
651,2059,reg1,Geo_HP,CO2,0.0
652,2060,reg1,Geo_HP,CO2,0.0
653,2061,reg1,Geo_HP,CO2,0.0
654,2062,reg1,Geo_HP,CO2,0.0
655,2063,reg1,Geo_HP,CO2,0.0
656,2064,reg1,Geo_HP,CO2,0.0
657,2065,reg1,Geo_HP,CO2,0.0
658,2066,reg1,Geo_HP,CO2,0.0
659,2067,reg1,Geo_HP,CO2,0.0
660,2068,reg1,Geo_HP,CO2,0.0
661,2069,reg1,Geo_HP,CO2,0.0
662,2070,reg1,Geo_HP,CO2,0.0
663,2020,reg1,SMR,CO2,0.0
664,2021,reg1,SMR,CO2,1142908121.2495627
665,2022,reg1,SMR,CO2,1337852862.0419652
666,2023,reg1,SMR,CO2,1423162048.7754097
667,2024,reg1,SMR,CO2,1567391715.6916518
668,2025,reg1,SMR,CO2,1714356518.0434399
669,2026,reg1,SMR,CO2,1839525610.9492464
670,2027,reg1,SMR,CO2,1969974351.4787245
671,2028,reg1,SMR,CO2,2105607740.18097
672,2029,reg1,SMR,CO2,2246324228.2529545
673,2030,reg1,SMR,CO2,2392015137.9796453
674,2031,reg1,SMR,CO2,2417546854.6417522
675,2032,reg1,SMR,CO2,2442117132.0900164
676,2033,reg1,SMR,CO2,2461825339.1089306
677,2034,reg1,SMR,CO2,2480995559.6313896
678,2035,reg1,SMR,CO2,2499450267.6583967
679,2036,reg1,SMR,CO2,2465962954.6422634
680,2037,reg1,SMR,CO2,2421332071.853318
681,2038,reg1,SMR,CO2,2323982345.1095743
682,2039,reg1,SMR,CO2,2291043114.871213
683,2040,reg1,SMR,CO2,2258103884.632851
684,2041,reg1,SMR,CO2,2230560851.5517154
685,2042,reg1,SMR,CO2,2203017818.470578
686,2043,reg1,SMR,CO2,2175473891.2683578
687,2044,reg1,SMR,CO2,2147934775.163168
688,2045,reg1,SMR,CO2,2120493405.8867505
689,2046,reg1,SMR,CO2,2107721184.016962
690,2047,reg1,SMR,CO2,2094948962.1471748
691,2048,reg1,SMR,CO2,2090975807.7253902
692,2049,reg1,SMR,CO2,2086491665.117511
693,2050,reg1,SMR,CO2,2075764738.6539638
694,2051,reg1,SMR,CO2,2073817001.75026
695,2052,reg1,SMR,CO2,2073817001.75026
696,2053,reg1,SMR,CO2,2073817001.75026
697,2054,reg1,SMR,CO2,2073817001.75026
698,2055,reg1,SMR,CO2,2073817001.75026
699,2056,reg1,SMR,CO2,2073817001.75026
700,2057,reg1,SMR,CO2,2073817001.75026
701,2058,reg1,SMR,CO2,2073817001.75026
702,2059,reg1,SMR,CO2,2073817001.75026
703,2060,reg1,SMR,CO2,2073817001.75026
704,2061,reg1,SMR,CO2,2073817001.75026
705,2062,reg1,SMR,CO2,2073817001.75026
706,2063,reg1,SMR,CO2,2073817001.75026
707,2064,reg1,SMR,CO2,2073817001.75026
708,2065,reg1,SMR,CO2,2073817001.75026
709,2066,reg1,SMR,CO2,2073817001.75026
710,2067,reg1,SMR,CO2,2073817001.75026
711,2068,reg1,SMR,CO2,2073817001.75026
712,2069,reg1,SMR,CO2,2073817001.75026
713,2070,reg1,SMR,CO2,2054928026.747073
714,2020,reg1,SMR_CCS,CO2,0.0
715,2021,reg1,SMR_CCS,CO2,0.0
716,2022,reg1,SMR_CCS,CO2,0.0
717,2023,reg1,SMR_CCS,CO2,0.0
718,2024,reg1,SMR_CCS,CO2,0.0
719,2025,reg1,SMR_CCS,CO2,0.0
720,2026,reg1,SMR_CCS,CO2,0.0
721,2027,reg1,SMR_CCS,CO2,0.0
722,2028,reg1,SMR_CCS,CO2,0.0
723,2029,reg1,SMR_CCS,CO2,0.0
724,2030,reg1,SMR_CCS,CO2,0.0
725,2031,reg1,SMR_CCS,CO2,0.0
726,2032,reg1,SMR_CCS,CO2,0.0
727,2033,reg1,SMR_CCS,CO2,0.0
728,2034,reg1,SMR_CCS,CO2,0.0
729,2035,reg1,SMR_CCS,CO2,0.0
730,2036,reg1,SMR_CCS,CO2,0.0
731,2037,reg1,SMR_CCS,CO2,0.0
732,2038,reg1,SMR_CCS,CO2,0.0
733,2039,reg1,SMR_CCS,CO2,0.0
734,2040,reg1,SMR_CCS,CO2,0.0
735,2041,reg1,SMR_CCS,CO2,0.0
736,2042,reg1,SMR_CCS,CO2,0.0
737,2043,reg1,SMR_CCS,CO2,0.0
738,2044,reg1,SMR_CCS,CO2,0.0
739,2045,reg1,SMR_CCS,CO2,0.0
740,2046,reg1,SMR_CCS,CO2,0.0
741,2047,reg1,SMR_CCS,CO2,0.0
742,2048,reg1,SMR_CCS,CO2,0.0
743,2049,reg1,SMR_CCS,CO2,0.0
744,2050,reg1,SMR_CCS,CO2,0.0
745,2051,reg1,SMR_CCS,CO2,0.0
746,2052,reg1,SMR_CCS,CO2,0.0
747,2053,reg1,SMR_CCS,CO2,0.0
748,2054,reg1,SMR_CCS,CO2,0.0
749,2055,reg1,SMR_CCS,CO2,0.0
750,2056,reg1,SMR_CCS,CO2,0.0
751,2057,reg1,SMR_CCS,CO2,0.0
752,2058,reg1,SMR_CCS,CO2,0.0
753,2059,reg1,SMR_CCS,CO2,0.0
754,2060,reg1,SMR_CCS,CO2,0.0
755,2061,reg1,SMR_CCS,CO2,0.0
756,2062,reg1,SMR_CCS,CO2,0.0
757,2063,reg1,SMR_CCS,CO2,5.267981914219671e-09
758,2064,reg1,SMR_CCS,CO2,5.267981914219671e-09
759,2065,reg1,SMR_CCS,CO2,0.0
760,2066,reg1,SMR_CCS,CO2,1.5803945742659012e-08
761,2067,reg1,SMR_CCS,CO2,0.0
762,2068,reg1,SMR_CCS,CO2,0.0
763,2069,reg1,SMR_CCS,CO2,0.0
764,2070,reg1,SMR_CCS,CO2,0.0
765,2020,reg1,Methane_pyrolysis,CO2,0.0
766,2021,reg1,Methane_pyrolysis,CO2,0.0
767,2022,reg1,Methane_pyrolysis,CO2,0.0
768,2023,reg1,Methane_pyrolysis,CO2,0.0
769,2024,reg1,Methane_pyrolysis,CO2,0.0
770,2025,reg1,Methane_pyrolysis,CO2,0.0
771,2026,reg1,Methane_pyrolysis,CO2,0.0
772,2027,reg1,Methane_pyrolysis,CO2,0.0
773,2028,reg1,Methane_pyrolysis,CO2,0.0
774,2029,reg1,Methane_pyrolysis,CO2,0.0
775,2030,reg1,Methane_pyrolysis,CO2,0.0
776,2031,reg1,Methane_pyrolysis,CO2,0.0
777,2032,reg1,Methane_pyrolysis,CO2,0.0
778,2033,reg1,Methane_pyrolysis,CO2,0.0
779,2034,reg1,Methane_pyrolysis,CO2,0.0
780,2035,reg1,Methane_pyrolysis,CO2,0.0
781,2036,reg1,Methane_pyrolysis,CO2,0.0
782,2037,reg1,Methane_pyrolysis,CO2,0.0
783,2038,reg1,Methane_pyrolysis,CO2,0.0
784,2039,reg1,Methane_pyrolysis,CO2,0.0
785,2040,reg1,Methane_pyrolysis,CO2,0.0
786,2041,reg1,Methane_pyrolysis,CO2,0.0
787,2042,reg1,Methane_pyrolysis,CO2,0.0
788,2043,reg1,Methane_pyrolysis,CO2,0.0
789,2044,reg1,Methane_pyrolysis,CO2,0.0
790,2045,reg1,Methane_pyrolysis,CO2,0.0
791,2046,reg1,Methane_pyrolysis,CO2,0.0
792,2047,reg1,Methane_pyrolysis,CO2,0.0
793,2048,reg1,Methane_pyrolysis,CO2,0.0
794,2049,reg1,Methane_pyrolysis,CO2,0.0
795,2050,reg1,Methane_pyrolysis,CO2,0.0
796,2051,reg1,Methane_pyrolysis,CO2,0.0
797,2052,reg1,Methane_pyrolysis,CO2,0.0
798,2053,reg1,Methane_pyrolysis,CO2,0.0
799,2054,reg1,Methane_pyrolysis,CO2,0.0
800,2055,reg1,Methane_pyrolysis,CO2,0.0
801,2056,reg1,Methane_pyrolysis,CO2,0.0
802,2057,reg1,Methane_pyrolysis,CO2,0.0
803,2058,reg1,Methane_pyrolysis,CO2,0.0
804,2059,reg1,Methane_pyrolysis,CO2,0.0
805,2060,reg1,Methane_pyrolysis,CO2,0.0
806,2061,reg1,Methane_pyrolysis,CO2,0.0
807,2062,reg1,Methane_pyrolysis,CO2,0.0
808,2063,reg1,Methane_pyrolysis,CO2,0.0
809,2064,reg1,Methane_pyrolysis,CO2,0.0
810,2065,reg1,Methane_pyrolysis,CO2,0.0
811,2066,reg1,Methane_pyrolysis,CO2,0.0
812,2067,reg1,Methane_pyrolysis,CO2,0.0
813,2068,reg1,Methane_pyrolysis,CO2,0.0
814,2069,reg1,Methane_pyrolysis,CO2,0.0
815,2070,reg1,Methane_pyrolysis,CO2,0.0
816,2020,reg1,Electrolysis,CO2,0.0
817,2021,reg1,Electrolysis,CO2,0.0
818,2022,reg1,Electrolysis,CO2,0.0
819,2023,reg1,Electrolysis,CO2,0.0
820,2024,reg1,Electrolysis,CO2,0.0
821,2025,reg1,Electrolysis,CO2,0.0
822,2026,reg1,Electrolysis,CO2,0.0
823,2027,reg1,Electrolysis,CO2,0.0
824,2028,reg1,Electrolysis,CO2,0.0
825,2029,reg1,Electrolysis,CO2,0.0
826,2030,reg1,Electrolysis,CO2,0.0
827,2031,reg1,Electrolysis,CO2,0.0
828,2032,reg1,Electrolysis,CO2,0.0
829,2033,reg1,Electrolysis,CO2,0.0
830,2034,reg1,Electrolysis,CO2,0.0
831,2035,reg1,Electrolysis,CO2,0.0
832,2036,reg1,Electrolysis,CO2,0.0
833,2037,reg1,Electrolysis,CO2,0.0
834,2038,reg1,Electrolysis,CO2,0.0
835,2039,reg1,Electrolysis,CO2,0.0
836,2040,reg1,Electrolysis,CO2,0.0
837,2041,reg1,Electrolysis,CO2,0.0
838,2042,reg1,Electrolysis,CO2,0.0
839,2043,reg1,Electrolysis,CO2,0.0
840,2044,reg1,Electrolysis,CO2,0.0
841,2045,reg1,Electrolysis,CO2,0.0
842,2046,reg1,Electrolysis,CO2,0.0
843,2047,reg1,Electrolysis,CO2,0.0
844,2048,reg1,Electrolysis,CO2,0.0
845,2049,reg1,Electrolysis,CO2,0.0
846,2050,reg1,Electrolysis,CO2,0.0
847,2051,reg1,Electrolysis,CO2,0.0
848,2052,reg1,Electrolysis,CO2,0.0
849,2053,reg1,Electrolysis,CO2,0.0
850,2054,reg1,Electrolysis,CO2,0.0
851,2055,reg1,Electrolysis,CO2,0.0
852,2056,reg1,Electrolysis,CO2,0.0
853,2057,reg1,Electrolysis,CO2,0.0
854,2058,reg1,Electrolysis,CO2,0.0
855,2059,reg1,Electrolysis,CO2,0.0
856,2060,reg1,Electrolysis,CO2,0.0
857,2061,reg1,Electrolysis,CO2,0.0
858,2062,reg1,Electrolysis,CO2,0.0
859,2063,reg1,Electrolysis,CO2,0.0
860,2064,reg1,Electrolysis,CO2,0.0
861,2065,reg1,Electrolysis,CO2,0.0
862,2066,reg1,Electrolysis,CO2,0.0
863,2067,reg1,Electrolysis,CO2,0.0
864,2068,reg1,Electrolysis,CO2,0.0
865,2069,reg1,Electrolysis,CO2,0.0
866,2070,reg1,Electrolysis,CO2,0.0
867,2020,reg1,SFF_PP,CO2,17281877690.880013
868,2021,reg1,SFF_PP,CO2,16590602583.2448
869,2022,reg1,SFF_PP,CO2,15899327475.609604
870,2023,reg1,SFF_PP,CO2,15208052367.974405
871,2024,reg1,SFF_PP,CO2,14516777260.339195
872,2025,reg1,SFF_PP,CO2,13825502152.704006
873,2026,reg1,SFF_PP,CO2,13134227045.06881
874,2027,reg1,SFF_PP,CO2,12442951937.433607
875,2028,reg1,SFF_PP,CO2,11751676829.798403
876,2029,reg1,SFF_PP,CO2,11060401722.163206
877,2030,reg1,SFF_PP,CO2,10369126614.528011
878,2031,reg1,SFF_PP,CO2,9677851506.892815
879,2032,reg1,SFF_PP,CO2,8986576399.257612
880,2033,reg1,SFF_PP,CO2,8295301291.622407
881,2034,reg1,SFF_PP,CO2,7604026183.987212
882,2035,reg1,SFF_PP,CO2,6912751076.35201
883,2036,reg1,SFF_PP,CO2,6221475968.716811
884,2037,reg1,SFF_PP,CO2,5530200861.081609
885,2038,reg1,SFF_PP,CO2,4838925753.446409
886,2039,reg1,SFF_PP,CO2,4147650645.81121
887,2040,reg1,SFF_PP,CO2,3456375538.176008
888,2041,reg1,SFF_PP,CO2,2765100430.540809
889,2042,reg1,SFF_PP,CO2,2073825322.9056077
890,2043,reg1,SFF_PP,CO2,1382550215.2704098
891,2044,reg1,SFF_PP,CO2,691275107.6352084
892,2045,reg1,SFF_PP,CO2,2.8243007932360342e-05
893,2046,reg1,SFF_PP,CO2,0.0
894,2047,reg1,SFF_PP,CO2,0.0
895,2048,reg1,SFF_PP,CO2,0.0
896,2049,reg1,SFF_PP,CO2,0.0
897,2050,reg1,SFF_PP,CO2,0.0
898,2051,reg1,SFF_PP,CO2,0.0
899,2052,reg1,SFF_PP,CO2,0.0
900,2053,reg1,SFF_PP,CO2,0.0
901,2054,reg1,SFF_PP,CO2,0.0
902,2055,reg1,SFF_PP,CO2,0.0
903,2056,reg1,SFF_PP,CO2,0.0
904,2057,reg1,SFF_PP,CO2,0.0
905,2058,reg1,SFF_PP,CO2,0.0
906,2059,reg1,SFF_PP,CO2,0.0
907,2060,reg1,SFF_PP,CO2,0.0
908,2061,reg1,SFF_PP,CO2,0.0
909,2062,reg1,SFF_PP,CO2,0.0
910,2063,reg1,SFF_PP,CO2,0.0
911,2064,reg1,SFF_PP,CO2,0.0
912,2065,reg1,SFF_PP,CO2,0.0
913,2066,reg1,SFF_PP,CO2,0.0
914,2067,reg1,SFF_PP,CO2,0.0
915,2068,reg1,SFF_PP,CO2,0.0
916,2069,reg1,SFF_PP,CO2,0.0
917,2070,reg1,SFF_PP,CO2,0.0
918,2020,reg1,Oil_PP,CO2,0.0
919,2021,reg1,Oil_PP,CO2,0.0
920,2022,reg1,Oil_PP,CO2,7827411748.650664
921,2023,reg1,Oil_PP,CO2,0.0
922,2024,reg1,Oil_PP,CO2,0.0
923,2025,reg1,Oil_PP,CO2,0.0
924,2026,reg1,Oil_PP,CO2,0.0
925,2027,reg1,Oil_PP,CO2,0.0
926,2028,reg1,Oil_PP,CO2,0.0
927,2029,reg1,Oil_PP,CO2,0.0
928,2030,reg1,Oil_PP,CO2,0.0
929,2031,reg1,Oil_PP,CO2,289221499.05603456
930,2032,reg1,Oil_PP,CO2,611035811.756529
931,2033,reg1,Oil_PP,CO2,422029940.6240346
932,2034,reg1,Oil_PP,CO2,324609824.9787705
933,2035,reg1,Oil_PP,CO2,294043586.84619546
934,2036,reg1,Oil_PP,CO2,263164860.98243928
935,2037,reg1,Oil_PP,CO2,232112632.78745663
936,2038,reg1,Oil_PP,CO2,201060404.5925574
937,2039,reg1,Oil_PP,CO2,170008176.39759907
938,2040,reg1,Oil_PP,CO2,138955948.20260832
939,2041,reg1,Oil_PP,CO2,107954371.53288619
940,2042,reg1,Oil_PP,CO2,76952794.86309111
941,2043,reg1,Oil_PP,CO2,45814119.79204993
942,2044,reg1,Oil_PP,CO2,15413145.377777664
943,2045,reg1,Oil_PP,CO2,0.0
944,2046,reg1,Oil_PP,CO2,0.0
945,2047,reg1,Oil_PP,CO2,0.0
946,2048,reg1,Oil_PP,CO2,0.0
947,2049,reg1,Oil_PP,CO2,0.0
948,2050,reg1,Oil_PP,CO2,0.0
949,2051,reg1,Oil_PP,CO2,0.0
950,2052,reg1,Oil_PP,CO2,0.0
951,2053,reg1,Oil_PP,CO2,0.0
952,2054,reg1,Oil_PP,CO2,0.0
953,2055,reg1,Oil_PP,CO2,0.0
954,2056,reg1,Oil_PP,CO2,0.0
955,2057,reg1,Oil_PP,CO2,0.0
956,2058,reg1,Oil_PP,CO2,0.0
957,2059,reg1,Oil_PP,CO2,0.0
958,2060,reg1,Oil_PP,CO2,0.0
959,2061,reg1,Oil_PP,CO2,0.0
960,2062,reg1,Oil_PP,CO2,0.0
961,2063,reg1,Oil_PP,CO2,0.0
962,2064,reg1,Oil_PP,CO2,0.0
963,2065,reg1,Oil_PP,CO2,0.0
964,2066,reg1,Oil_PP,CO2,0.0
965,2067,reg1,Oil_PP,CO2,0.0
966,2068,reg1,Oil_PP,CO2,0.0
967,2069,reg1,Oil_PP,CO2,0.0
968,2070,reg1,Oil_PP,CO2,0.0
969,2020,reg1,NG_PP,CO2,38510238691.23562
970,2021,reg1,NG_PP,CO2,22110522041.192932
971,2022,reg1,NG_PP,CO2,15885510482.267569
972,2023,reg1,NG_PP,CO2,23547822799.607784
973,2024,reg1,NG_PP,CO2,24020873944.493862
974,2025,reg1,NG_PP,CO2,24747082608.97388
975,2026,reg1,NG_PP,CO2,24973725428.07825
976,2027,reg1,NG_PP,CO2,25684392284.66327
977,2028,reg1,NG_PP,CO2,27302805799.875347
978,2029,reg1,NG_PP,CO2,28127679539.377712
979,2030,reg1,NG_PP,CO2,28919045692.796455
980,2031,reg1,NG_PP,CO2,27728956195.332733
981,2032,reg1,NG_PP,CO2,26448746576.303207
982,2033,reg1,NG_PP,CO2,25584590821.61259
983,2034,reg1,NG_PP,CO2,24901721350.156662
984,2035,reg1,NG_PP,CO2,24276752285.441513
985,2036,reg1,NG_PP,CO2,23962020088.463043
986,2037,reg1,NG_PP,CO2,23594884590.10291
987,2038,reg1,NG_PP,CO2,23138055701.171745
988,2039,reg1,NG_PP,CO2,22760738992.43006
989,2040,reg1,NG_PP,CO2,22399135793.89293
990,2041,reg1,NG_PP,CO2,22105526577.755703
991,2042,reg1,NG_PP,CO2,21811917354.507515
992,2043,reg1,NG_PP,CO2,21466609530.36185
993,2044,reg1,NG_PP,CO2,21124958108.71159
994,2045,reg1,NG_PP,CO2,20585257785.457596
995,2046,reg1,NG_PP,CO2,20640096306.194523
996,2047,reg1,NG_PP,CO2,20702363379.526226
997,2048,reg1,NG_PP,CO2,20622616542.48956
998,2049,reg1,NG_PP,CO2,20500997278.490944
999,2050,reg1,NG_PP,CO2,20369833932.76833
1000,2051,reg1,NG_PP,CO2,20370323691.92507
1001,2052,reg1,NG_PP,CO2,20370323691.92507
1002,2053,reg1,NG_PP,CO2,20370323691.92507
1003,2054,reg1,NG_PP,CO2,20378318940.11525
1004,2055,reg1,NG_PP,CO2,20363003131.289845
1005,2056,reg1,NG_PP,CO2,20370323691.92507
1006,2057,reg1,NG_PP,CO2,20370323691.92507
1007,2058,reg1,NG_PP,CO2,20370323691.92507
1008,2059,reg1,NG_PP,CO2,20370323691.925076
1009,2060,reg1,NG_PP,CO2,20370323691.92507
1010,2061,reg1,NG_PP,CO2,20370323691.92507
1011,2062,reg1,NG_PP,CO2,20370323691.92507
1012,2063,reg1,NG_PP,CO2,20370323691.925068
1013,2064,reg1,NG_PP,CO2,20370323691.925068
1014,2065,reg1,NG_PP,CO2,20381269070.823822
1015,2066,reg1,NG_PP,CO2,20360353811.614468
1016,2067,reg1,NG_PP,CO2,20382006167.601425
1017,2068,reg1,NG_PP,CO2,20369903373.205788
1018,2069,reg1,NG_PP,CO2,20369887698.423126
1019,2070,reg1,NG_PP,CO2,20340132220.738434
1020,2020,reg1,NG_PP_CCS,CO2,0.0
1021,2021,reg1,NG_PP_CCS,CO2,0.0
1022,2022,reg1,NG_PP_CCS,CO2,0.0
1023,2023,reg1,NG_PP_CCS,CO2,0.0
1024,2024,reg1,NG_PP_CCS,CO2,0.0
1025,2025,reg1,NG_PP_CCS,CO2,0.0
1026,2026,reg1,NG_PP_CCS,CO2,0.0
1027,2027,reg1,NG_PP_CCS,CO2,0.0
1028,2028,reg1,NG_PP_CCS,CO2,0.0
1029,2029,reg1,NG_PP_CCS,CO2,0.0
1030,2030,reg1,NG_PP_CCS,CO2,0.0
1031,2031,reg1,NG_PP_CCS,CO2,0.0
1032,2032,reg1,NG_PP_CCS,CO2,0.0
1033,2033,reg1,NG_PP_CCS,CO2,0.0
1034,2034,reg1,NG_PP_CCS,CO2,0.0
1035,2035,reg1,NG_PP_CCS,CO2,0.0
1036,2036,reg1,NG_PP_CCS,CO2,0.0
1037,2037,reg1,NG_PP_CCS,CO2,0.0
1038,2038,reg1,NG_PP_CCS,CO2,0.0
1039,2039,reg1,NG_PP_CCS,CO2,0.0
1040,2040,reg1,NG_PP_CCS,CO2,0.0
1041,2041,reg1,NG_PP_CCS,CO2,0.0
1042,2042,reg1,NG_PP_CCS,CO2,0.0
1043,2043,reg1,NG_PP_CCS,CO2,0.0
1044,2044,reg1,NG_PP_CCS,CO2,0.0
1045,2045,reg1,NG_PP_CCS,CO2,0.0
1046,2046,reg1,NG_PP_CCS,CO2,0.0
1047,2047,reg1,NG_PP_CCS,CO2,0.0
1048,2048,reg1,NG_PP_CCS,CO2,0.0
1049,2049,reg1,NG_PP_CCS,CO2,0.0
1050,2050,reg1,NG_PP_CCS,CO2,0.0
1051,2051,reg1,NG_PP_CCS,CO2,0.0
1052,2052,reg1,NG_PP_CCS,CO2,0.0
1053,2053,reg1,NG_PP_CCS,CO2,0.0
1054,2054,reg1,NG_PP_CCS,CO2,0.0
1055,2055,reg1,NG_PP_CCS,CO2,0.0
1056,2056,reg1,NG_PP_CCS,CO2,0.0
1057,2057,reg1,NG_PP_CCS,CO2,0.0
1058,2058,reg1,NG_PP_CCS,CO2,0.0
1059,2059,reg1,NG_PP_CCS,CO2,0.0
1060,2060,reg1,NG_PP_CCS,CO2,0.0
1061,2061,reg1,NG_PP_CCS,CO2,0.0
1062,2062,reg1,NG_PP_CCS,CO2,0.0
1063,2063,reg1,NG_PP_CCS,CO2,0.0
1064,2064,reg1,NG_PP_CCS,CO2,0.0
1065,2065,reg1,NG_PP_CCS,CO2,0.0
1066,2066,reg1,NG_PP_CCS,CO2,0.0
1067,2067,reg1,NG_PP_CCS,CO2,0.0
1068,2068,reg1,NG_PP_CCS,CO2,0.0
1069,2069,reg1,NG_PP_CCS,CO2,0.0
1070,2070,reg1,NG_PP_CCS,CO2,0.0
1071,2020,reg1,SoSCO2_lr,CO2,0.0
1072,2021,reg1,SoSCO2_lr,CO2,0.0
1073,2022,reg1,SoSCO2_lr,CO2,0.0
1074,2023,reg1,SoSCO2_lr,CO2,0.0
1075,2024,reg1,SoSCO2_lr,CO2,0.0
1076,2025,reg1,SoSCO2_lr,CO2,0.0
1077,2026,reg1,SoSCO2_lr,CO2,0.0
1078,2027,reg1,SoSCO2_lr,CO2,0.0
1079,2028,reg1,SoSCO2_lr,CO2,0.0
1080,2029,reg1,SoSCO2_lr,CO2,0.0
1081,2030,reg1,SoSCO2_lr,CO2,0.0
1082,2031,reg1,SoSCO2_lr,CO2,0.0
1083,2032,reg1,SoSCO2_lr,CO2,0.0
1084,2033,reg1,SoSCO2_lr,CO2,0.0
1085,2034,reg1,SoSCO2_lr,CO2,0.0
1086,2035,reg1,SoSCO2_lr,CO2,0.0
1087,2036,reg1,SoSCO2_lr,CO2,0.0
1088,2037,reg1,SoSCO2_lr,CO2,0.0
1089,2038,reg1,SoSCO2_lr,CO2,0.0
1090,2039,reg1,SoSCO2_lr,CO2,0.0
1091,2040,reg1,SoSCO2_lr,CO2,0.0
1092,2041,reg1,SoSCO2_lr,CO2,0.0
1093,2042,reg1,SoSCO2_lr,CO2,0.0
1094,2043,reg1,SoSCO2_lr,CO2,0.0
1095,2044,reg1,SoSCO2_lr,CO2,0.0
1096,2045,reg1,SoSCO2_lr,CO2,0.0
1097,2046,reg1,SoSCO2_lr,CO2,0.0
1098,2047,reg1,SoSCO2_lr,CO2,0.0
1099,2048,reg1,SoSCO2_lr,CO2,0.0
1100,2049,reg1,SoSCO2_lr,CO2,0.0
1101,2050,reg1,SoSCO2_lr,CO2,0.0
1102,2051,reg1,SoSCO2_lr,CO2,0.0
1103,2052,reg1,SoSCO2_lr,CO2,0.0
1104,2053,reg1,SoSCO2_lr,CO2,0.0
1105,2054,reg1,SoSCO2_lr,CO2,0.0
1106,2055,reg1,SoSCO2_lr,CO2,0.0
1107,2056,reg1,SoSCO2_lr,CO2,0.0
1108,2057,reg1,SoSCO2_lr,CO2,0.0
1109,2058,reg1,SoSCO2_lr,CO2,0.0
1110,2059,reg1,SoSCO2_lr,CO2,0.0
1111,2060,reg1,SoSCO2_lr,CO2,0.0
1112,2061,reg1,SoSCO2_lr,CO2,0.0
1113,2062,reg1,SoSCO2_lr,CO2,0.0
1114,2063,reg1,SoSCO2_lr,CO2,0.0
1115,2064,reg1,SoSCO2_lr,CO2,0.0
1116,2065,reg1,SoSCO2_lr,CO2,0.0
1117,2066,reg1,SoSCO2_lr,CO2,0.0
1118,2067,reg1,SoSCO2_lr,CO2,0.0
1119,2068,reg1,SoSCO2_lr,CO2,0.0
1120,2069,reg1,SoSCO2_lr,CO2,0.0
1121,2070,reg1,SoSCO2_lr,CO2,0.0
1122,2020,reg1,SoSCO2_agg,CO2,0.0
1123,2021,reg1,SoSCO2_agg,CO2,0.0
1124,2022,reg1,SoSCO2_agg,CO2,0.0
1125,2023,reg1,SoSCO2_agg,CO2,0.0
1126,2024,reg1,SoSCO2_agg,CO2,0.0
1127,2025,reg1,SoSCO2_agg,CO2,0.0
1128,2026,reg1,SoSCO2_agg,CO2,0.0
1129,2027,reg1,SoSCO2_agg,CO2,0.0
1130,2028,reg1,SoSCO2_agg,CO2,0.0
1131,2029,reg1,SoSCO2_agg,CO2,0.0
1132,2030,reg1,SoSCO2_agg,CO2,0.0
1133,2031,reg1,SoSCO2_agg,CO2,0.0
1134,2032,reg1,SoSCO2_agg,CO2,0.0
1135,2033,reg1,SoSCO2_agg,CO2,0.0
1136,2034,reg1,SoSCO2_agg,CO2,0.0
1137,2035,reg1,SoSCO2_agg,CO2,0.0
1138,2036,reg1,SoSCO2_agg,CO2,0.0
1139,2037,reg1,SoSCO2_agg,CO2,0.0
1140,2038,reg1,SoSCO2_agg,CO2,0.0
1141,2039,reg1,SoSCO2_agg,CO2,0.0
1142,2040,reg1,SoSCO2_agg,CO2,0.0
1143,2041,reg1,SoSCO2_agg,CO2,0.0
1144,2042,reg1,SoSCO2_agg,CO2,0.0
1145,2043,reg1,SoSCO2_agg,CO2,0.0
1146,2044,reg1,SoSCO2_agg,CO2,0.0
1147,2045,reg1,SoSCO2_agg,CO2,0.0
1148,2046,reg1,SoSCO2_agg,CO2,0.0
1149,2047,reg1,SoSCO2_agg,CO2,0.0
1150,2048,reg1,SoSCO2_agg,CO2,0.0
1151,2049,reg1,SoSCO2_agg,CO2,0.0
1152,2050,reg1,SoSCO2_agg,CO2,0.0
1153,2051,reg1,SoSCO2_agg,CO2,0.0
1154,2052,reg1,SoSCO2_agg,CO2,0.0
1155,2053,reg1,SoSCO2_agg,CO2,0.0
1156,2054,reg1,SoSCO2_agg,CO2,0.0
1157,2055,reg1,SoSCO2_agg,CO2,0.0
1158,2056,reg1,SoSCO2_agg,CO2,0.0
1159,2057,reg1,SoSCO2_agg,CO2,0.0
1160,2058,reg1,SoSCO2_agg,CO2,0.0
1161,2059,reg1,SoSCO2_agg,CO2,0.0
1162,2060,reg1,SoSCO2_agg,CO2,0.0
1163,2061,reg1,SoSCO2_agg,CO2,0.0
1164,2062,reg1,SoSCO2_agg,CO2,0.0
1165,2063,reg1,SoSCO2_agg,CO2,0.0
1166,2064,reg1,SoSCO2_agg,CO2,0.0
1167,2065,reg1,SoSCO2_agg,CO2,0.0
1168,2066,reg1,SoSCO2_agg,CO2,0.0
1169,2067,reg1,SoSCO2_agg,CO2,0.0
1170,2068,reg1,SoSCO2_agg,CO2,0.0
1171,2069,reg1,SoSCO2_agg,CO2,0.0
1172,2070,reg1,SoSCO2_agg,CO2,0.0
1173,2020,reg1,Allam_PP,CO2,0.0
1174,2021,reg1,Allam_PP,CO2,0.0
1175,2022,reg1,Allam_PP,CO2,0.0
1176,2023,reg1,Allam_PP,CO2,0.0
1177,2024,reg1,Allam_PP,CO2,0.0
1178,2025,reg1,Allam_PP,CO2,0.0
1179,2026,reg1,Allam_PP,CO2,0.0
1180,2027,reg1,Allam_PP,CO2,0.0
1181,2028,reg1,Allam_PP,CO2,0.0
1182,2029,reg1,Allam_PP,CO2,0.0
1183,2030,reg1,Allam_PP,CO2,0.0
1184,2031,reg1,Allam_PP,CO2,0.0
1185,2032,reg1,Allam_PP,CO2,0.0
1186,2033,reg1,Allam_PP,CO2,0.0
1187,2034,reg1,Allam_PP,CO2,0.0
1188,2035,reg1,Allam_PP,CO2,0.0
1189,2036,reg1,Allam_PP,CO2,0.0
1190,2037,reg1,Allam_PP,CO2,0.0
1191,2038,reg1,Allam_PP,CO2,0.0
1192,2039,reg1,Allam_PP,CO2,0.0
1193,2040,reg1,Allam_PP,CO2,0.0
1194,2041,reg1,Allam_PP,CO2,0.0
1195,2042,reg1,Allam_PP,CO2,0.0
1196,2043,reg1,Allam_PP,CO2,0.0
1197,2044,reg1,Allam_PP,CO2,0.0
1198,2045,reg1,Allam_PP,CO2,0.0
1199,2046,reg1,Allam_PP,CO2,0.0
1200,2047,reg1,Allam_PP,CO2,0.0
1201,2048,reg1,Allam_PP,CO2,0.0
1202,2049,reg1,Allam_PP,CO2,0.0
1203,2050,reg1,Allam_PP,CO2,0.0
1204,2051,reg1,Allam_PP,CO2,0.0
1205,2052,reg1,Allam_PP,CO2,0.0
1206,2053,reg1,Allam_PP,CO2,0.0
1207,2054,reg1,Allam_PP,CO2,0.0
1208,2055,reg1,Allam_PP,CO2,0.0
1209,2056,reg1,Allam_PP,CO2,0.0
1210,2057,reg1,Allam_PP,CO2,0.0
1211,2058,reg1,Allam_PP,CO2,0.0
1212,2059,reg1,Allam_PP,CO2,0.0
1213,2060,reg1,Allam_PP,CO2,0.0
1214,2061,reg1,Allam_PP,CO2,0.0
1215,2062,reg1,Allam_PP,CO2,0.0
1216,2063,reg1,Allam_PP,CO2,0.0
1217,2064,reg1,Allam_PP,CO2,0.0
1218,2065,reg1,Allam_PP,CO2,0.0
1219,2066,reg1,Allam_PP,CO2,0.0
1220,2067,reg1,Allam_PP,CO2,0.0
1221,2068,reg1,Allam_PP,CO2,0.0
1222,2069,reg1,Allam_PP,CO2,0.0
1223,2070,reg1,Allam_PP,CO2,0.0
1224,2020,reg1,Bio_refinery,CO2,28159233.19882973
1225,2021,reg1,Bio_refinery,CO2,41528065.87576129
1226,2022,reg1,Bio_refinery,CO2,56394488.94938881
1227,2023,reg1,Bio_refinery,CO2,72758502.41971228
1228,2024,reg1,Bio_refinery,CO2,90620106.2867317
1229,2025,reg1,Bio_refinery,CO2,109979300.55044705
1230,2026,reg1,Bio_refinery,CO2,145691689.2703294
1231,2027,reg1,Bio_refinery,CO2,186196140.713306
1232,2028,reg1,Bio_refinery,CO2,231440847.67011556
1233,2029,reg1,Bio_refinery,CO2,281370495.4790862
1234,2030,reg1,Bio_refinery,CO2,335925960.08870167
1235,2031,reg1,Bio_refinery,CO2,358021397.3744724
1236,2032,reg1,Bio_refinery,CO2,379462312.6399488
1237,2033,reg1,Bio_refinery,CO2,400248705.8851308
1238,2034,reg1,Bio_refinery,CO2,420380577.1100182
1239,2035,reg1,Bio_refinery,CO2,439857926.31461155
1240,2036,reg1,Bio_refinery,CO2,432581064.96329284
1241,2037,reg1,Bio_refinery,CO2,425304203.61197406
1242,2038,reg1,Bio_refinery,CO2,418027342.26065516
1243,2039,reg1,Bio_refinery,CO2,410750480.90933627
1244,2040,reg1,Bio_refinery,CO2,403473619.55801725
1245,2041,reg1,Bio_refinery,CO2,397372627.38607466
1246,2042,reg1,Bio_refinery,CO2,391271635.2141322
1247,2043,reg1,Bio_refinery,CO2,385170643.0421894
1248,2044,reg1,Bio_refinery,CO2,379069650.8702469
1249,2045,reg1,Bio_refinery,CO2,372968658.69830424
1250,2046,reg1,Bio_refinery,CO2,370128136.2390127
1251,2047,reg1,Bio_refinery,CO2,367287613.7797214
1252,2048,reg1,Bio_refinery,CO2,364447091.3204298
1253,2049,reg1,Bio_refinery,CO2,361606568.86113846
1254,2050,reg1,Bio_refinery,CO2,358766046.4018473
1255,2051,reg1,Bio_refinery,CO2,358766046.4018473
1256,2052,reg1,Bio_refinery,CO2,358766046.4018473
1257,2053,reg1,Bio_refinery,CO2,358766046.4018473
1258,2054,reg1,Bio_refinery,CO2,358766046.4018473
1259,2055,reg1,Bio_refinery,CO2,358766046.4018473
1260,2056,reg1,Bio_refinery,CO2,358766046.4018473
1261,2057,reg1,Bio_refinery,CO2,358766046.4018473
1262,2058,reg1,Bio_refinery,CO2,358766046.4018473
1263,2059,reg1,Bio_refinery,CO2,358766046.4018473
1264,2060,reg1,Bio_refinery,CO2,358766046.4018473
1265,2061,reg1,Bio_refinery,CO2,358766046.4018473
1266,2062,reg1,Bio_refinery,CO2,358766046.4018473
1267,2063,reg1,Bio_refinery,CO2,358766046.4018473
1268,2064,reg1,Bio_refinery,CO2,358766046.4018473
1269,2065,reg1,Bio_refinery,CO2,358766046.4018473
1270,2066,reg1,Bio_refinery,CO2,358766046.4018473
1271,2067,reg1,Bio_refinery,CO2,358766046.4018473
1272,2068,reg1,Bio_refinery,CO2,358766046.4018473
1273,2069,reg1,Bio_refinery,CO2,358766046.4018473
1274,2070,reg1,Bio_refinery,CO2,358766046.4018473
1275,2020,reg1,Oil_refinery,CO2,5347774320.074817
1276,2021,reg1,Oil_refinery,CO2,5431628667.26316
1277,2022,reg1,Oil_refinery,CO2,5830050672.9260025
1278,2023,reg1,Oil_refinery,CO2,5596702426.226375
1279,2024,reg1,Oil_refinery,CO2,5677921838.00125
1280,2025,reg1,Oil_refinery,CO2,5758262937.97164
1281,2026,reg1,Oil_refinery,CO2,5598029444.096139
1282,2027,reg1,Oil_refinery,CO2,5435180000.710717
1283,2028,reg1,Oil_refinery,CO2,5269742852.989721
1284,2029,reg1,Oil_refinery,CO2,5101747497.56141
1285,2030,reg1,Oil_refinery,CO2,4931224701.745451
1286,2031,reg1,Oil_refinery,CO2,4894888349.16007
1287,2032,reg1,Oil_refinery,CO2,4860249358.535852
1288,2033,reg1,Oil_refinery,CO2,4805408097.432858
1289,2034,reg1,Oil_refinery,CO2,4754641623.470223
1290,2035,reg1,Oil_refinery,CO2,4706953237.93131
1291,2036,reg1,Oil_refinery,CO2,4673227469.860741
1292,2037,reg1,Oil_refinery,CO2,4576937447.798864
1293,2038,reg1,Oil_refinery,CO2,4184663714.0036664
1294,2039,reg1,Oil_refinery,CO2,4154015091.840189
1295,2040,reg1,Oil_refinery,CO2,4123366469.676714
1296,2041,reg1,Oil_refinery,CO2,4098083254.519039
1297,2042,reg1,Oil_refinery,CO2,4072800039.3613534
1298,2043,reg1,Oil_refinery,CO2,4047511804.2666407
1299,2044,reg1,Oil_refinery,CO2,4022250580.5069604
1300,2045,reg1,Oil_refinery,CO2,3997538144.752099
1301,2046,reg1,Oil_refinery,CO2,3986055075.691459
1302,2047,reg1,Oil_refinery,CO2,3974572006.6308265
1303,2048,reg1,Oil_refinery,CO2,4012490260.6584725
1304,2049,reg1,Oil_refinery,CO2,4047539631.974998
1305,2050,reg1,Oil_refinery,CO2,4047539631.974998
1306,2051,reg1,Oil_refinery,CO2,4047539631.974998
1307,2052,reg1,Oil_refinery,CO2,4047539631.974998
1308,2053,reg1,Oil_refinery,CO2,4047539631.974999
1309,2054,reg1,Oil_refinery,CO2,4047539631.9750004
1310,2055,reg1,Oil_refinery,CO2,4047539631.9750004
1311,2056,reg1,Oil_refinery,CO2,4047539631.974998
1312,2057,reg1,Oil_refinery,CO2,4047539631.974998
1313,2058,reg1,Oil_refinery,CO2,4047539631.974998
1314,2059,reg1,Oil_refinery,CO2,4047539631.9750004
1315,2060,reg1,Oil_refinery,CO2,4047539631.974998
1316,2061,reg1,Oil_refinery,CO2,4047539631.9750004
1317,2062,reg1,Oil_refinery,CO2,4047539631.974998
1318,2063,reg1,Oil_refinery,CO2,4047539631.974999
1319,2064,reg1,Oil_refinery,CO2,4047539631.974999
1320,2065,reg1,Oil_refinery,CO2,4047539631.974998
1321,2066,reg1,Oil_refinery,CO2,4047539631.974999
1322,2067,reg1,Oil_refinery,CO2,4047539631.974998
1323,2068,reg1,Oil_refinery,CO2,4047539631.974998
1324,2069,reg1,Oil_refinery,CO2,4047539631.974998
1325,2070,reg1,Oil_refinery,CO2,3940122799.44892
1326,2020,reg1,Biofuels_mix,CO2,0.0
1327,2021,reg1,Biofuels_mix,CO2,0.0
1328,2022,reg1,Biofuels_mix,CO2,0.0
1329,2023,reg1,Biofuels_mix,CO2,0.0
1330,2024,reg1,Biofuels_mix,CO2,0.0
1331,2025,reg1,Biofuels_mix,CO2,0.0
1332,2026,reg1,Biofuels_mix,CO2,0.0
1333,2027,reg1,Biofuels_mix,CO2,0.0
1334,2028,reg1,Biofuels_mix,CO2,0.0
1335,2029,reg1,Biofuels_mix,CO2,0.0
1336,2030,reg1,Biofuels_mix,CO2,0.0
1337,2031,reg1,Biofuels_mix,CO2,0.0
1338,2032,reg1,Biofuels_mix,CO2,0.0
1339,2033,reg1,Biofuels_mix,CO2,0.0
1340,2034,reg1,Biofuels_mix,CO2,0.0
1341,2035,reg1,Biofuels_mix,CO2,0.0
1342,2036,reg1,Biofuels_mix,CO2,0.0
1343,2037,reg1,Biofuels_mix,CO2,0.0
1344,2038,reg1,Biofuels_mix,CO2,0.0
1345,2039,reg1,Biofuels_mix,CO2,0.0
1346,2040,reg1,Biofuels_mix,CO2,0.0
1347,2041,reg1,Biofuels_mix,CO2,0.0
1348,2042,reg1,Biofuels_mix,CO2,0.0
1349,2043,reg1,Biofuels_mix,CO2,0.0
1350,2044,reg1,Biofuels_mix,CO2,0.0
1351,2045,reg1,Biofuels_mix,CO2,0.0
1352,2046,reg1,Biofuels_mix,CO2,0.0
1353,2047,reg1,Biofuels_mix,CO2,0.0
1354,2048,reg1,Biofuels_mix,CO2,0.0
1355,2049,reg1,Biofuels_mix,CO2,0.0
1356,2050,reg1,Biofuels_mix,CO2,0.0
1357,2051,reg1,Biofuels_mix,CO2,0.0
1358,2052,reg1,Biofuels_mix,CO2,0.0
1359,2053,reg1,Biofuels_mix,CO2,0.0
1360,2054,reg1,Biofuels_mix,CO2,0.0
1361,2055,reg1,Biofuels_mix,CO2,0.0
1362,2056,reg1,Biofuels_mix,CO2,0.0
1363,2057,reg1,Biofuels_mix,CO2,0.0
1364,2058,reg1,Biofuels_mix,CO2,0.0
1365,2059,reg1,Biofuels_mix,CO2,0.0
1366,2060,reg1,Biofuels_mix,CO2,0.0
1367,2061,reg1,Biofuels_mix,CO2,0.0
1368,2062,reg1,Biofuels_mix,CO2,0.0
1369,2063,reg1,Biofuels_mix,CO2,0.0
1370,2064,reg1,Biofuels_mix,CO2,0.0
1371,2065,reg1,Biofuels_mix,CO2,0.0
1372,2066,reg1,Biofuels_mix,CO2,0.0
1373,2067,reg1,Biofuels_mix,CO2,0.0
1374,2068,reg1,Biofuels_mix,CO2,0.0
1375,2069,reg1,Biofuels_mix,CO2,0.0
1376,2070,reg1,Biofuels_mix,CO2,0.0
1377,2020,reg1,NG_CHP_P,CO2,12302193299.278454
1378,2021,reg1,NG_CHP_P,CO2,11544672516.209808
1379,2022,reg1,NG_CHP_P,CO2,10787151733.141155
1380,2023,reg1,NG_CHP_P,CO2,10029630950.072506
1381,2024,reg1,NG_CHP_P,CO2,8577253738.026836
1382,2025,reg1,NG_CHP_P,CO2,6734942494.67867
1383,2026,reg1,NG_CHP_P,CO2,5413306530.28636
1384,2027,reg1,NG_CHP_P,CO2,4000269842.0520597
1385,2028,reg1,NG_CHP_P,CO2,2671979962.2710733
1386,2029,reg1,NG_CHP_P,CO2,2446605236.7899985
1387,2030,reg1,NG_CHP_P,CO2,2224186578.900005
1388,2031,reg1,NG_CHP_P,CO2,2001767921.0100043
1389,2032,reg1,NG_CHP_P,CO2,1779349263.1199985
1390,2033,reg1,NG_CHP_P,CO2,1556930605.229998
1391,2034,reg1,NG_CHP_P,CO2,1334511947.3400042
1392,2035,reg1,NG_CHP_P,CO2,1112093289.4500005
1393,2036,reg1,NG_CHP_P,CO2,889674631.5599998
1394,2037,reg1,NG_CHP_P,CO2,667255973.6700006
1395,2038,reg1,NG_CHP_P,CO2,444837315.7799998
1396,2039,reg1,NG_CHP_P,CO2,222418657.88999996
1397,2040,reg1,NG_CHP_P,CO2,0.0
1398,2041,reg1,NG_CHP_P,CO2,0.0
1399,2042,reg1,NG_CHP_P,CO2,0.0
1400,2043,reg1,NG_CHP_P,CO2,0.0
1401,2044,reg1,NG_CHP_P,CO2,0.0
1402,2045,reg1,NG_CHP_P,CO2,0.0
1403,2046,reg1,NG_CHP_P,CO2,0.0
1404,2047,reg1,NG_CHP_P,CO2,0.0
1405,2048,reg1,NG_CHP_P,CO2,0.0
1406,2049,reg1,NG_CHP_P,CO2,0.0
1407,2050,reg1,NG_CHP_P,CO2,0.0
1408,2051,reg1,NG_CHP_P,CO2,0.0
1409,2052,reg1,NG_CHP_P,CO2,0.0
1410,2053,reg1,NG_CHP_P,CO2,0.0
1411,2054,reg1,NG_CHP_P,CO2,0.0
1412,2055,reg1,NG_CHP_P,CO2,0.0
1413,2056,reg1,NG_CHP_P,CO2,0.0
1414,2057,reg1,NG_CHP_P,CO2,0.0
1415,2058,reg1,NG_CHP_P,CO2,0.0
1416,2059,reg1,NG_CHP_P,CO2,0.0
1417,2060,reg1,NG_CHP_P,CO2,0.0
1418,2061,reg1,NG_CHP_P,CO2,0.0
1419,2062,reg1,NG_CHP_P,CO2,0.0
1420,2063,reg1,NG_CHP_P,CO2,0.0
1421,2064,reg1,NG_CHP_P,CO2,0.0
1422,2065,reg1,NG_CHP_P,CO2,0.0
1423,2066,reg1,NG_CHP_P,CO2,0.0
1424,2067,reg1,NG_CHP_P,CO2,0.0
1425,2068,reg1,NG_CHP_P,CO2,0.0
1426,2069,reg1,NG_CHP_P,CO2,0.0
1427,2070,reg1,NG_CHP_P,CO2,0.0
1428,2020,reg1,BW_CHP_P,CO2,0.0
1429,2021,reg1,BW_CHP_P,CO2,0.0
1430,2022,reg1,BW_CHP_P,CO2,0.0
1431,2023,reg1,BW_CHP_P,CO2,0.0
1432,2024,reg1,BW_CHP_P,CO2,0.0
1433,2025,reg1,BW_CHP_P,CO2,0.0
1434,2026,reg1,BW_CHP_P,CO2,0.0
1435,2027,reg1,BW_CHP_P,CO2,0.0
1436,2028,reg1,BW_CHP_P,CO2,0.0
1437,2029,reg1,BW_CHP_P,CO2,0.0
1438,2030,reg1,BW_CHP_P,CO2,0.0
1439,2031,reg1,BW_CHP_P,CO2,0.0
1440,2032,reg1,BW_CHP_P,CO2,0.0
1441,2033,reg1,BW_CHP_P,CO2,0.0
1442,2034,reg1,BW_CHP_P,CO2,0.0
1443,2035,reg1,BW_CHP_P,CO2,0.0
1444,2036,reg1,BW_CHP_P,CO2,0.0
1445,2037,reg1,BW_CHP_P,CO2,0.0
1446,2038,reg1,BW_CHP_P,CO2,0.0
1447,2039,reg1,BW_CHP_P,CO2,0.0
1448,2040,reg1,BW_CHP_P,CO2,0.0
1449,2041,reg1,BW_CHP_P,CO2,0.0
1450,2042,reg1,BW_CHP_P,CO2,0.0
1451,2043,reg1,BW_CHP_P,CO2,0.0
1452,2044,reg1,BW_CHP_P,CO2,0.0
1453,2045,reg1,BW_CHP_P,CO2,0.0
1454,2046,reg1,BW_CHP_P,CO2,0.0
1455,2047,reg1,BW_CHP_P,CO2,0.0
1456,2048,reg1,BW_CHP_P,CO2,0.0
1457,2049,reg1,BW_CHP_P,CO2,0.0
1458,2050,reg1,BW_CHP_P,CO2,0.0
1459,2051,reg1,BW_CHP_P,CO2,0.0
1460,2052,reg1,BW_CHP_P,CO2,0.0
1461,2053,reg1,BW_CHP_P,CO2,0.0
1462,2054,reg1,BW_CHP_P,CO2,0.0
1463,2055,reg1,BW_CHP_P,CO2,0.0
1464,2056,reg1,BW_CHP_P,CO2,0.0
1465,2057,reg1,BW_CHP_P,CO2,0.0
1466,2058,reg1,BW_CHP_P,CO2,0.0
1467,2059,reg1,BW_CHP_P,CO2,0.0
1468,2060,reg1,BW_CHP_P,CO2,0.0
1469,2061,reg1,BW_CHP_P,CO2,0.0
1470,2062,reg1,BW_CHP_P,CO2,0.0
1471,2063,reg1,BW_CHP_P,CO2,0.0
1472,2064,reg1,BW_CHP_P,CO2,0.0
1473,2065,reg1,BW_CHP_P,CO2,0.0
1474,2066,reg1,BW_CHP_P,CO2,0.0
1475,2067,reg1,BW_CHP_P,CO2,0.0
1476,2068,reg1,BW_CHP_P,CO2,0.0
1477,2069,reg1,BW_CHP_P,CO2,0.0
1478,2070,reg1,BW_CHP_P,CO2,0.0
1479,2020,reg1,Export_mix,CO2,0.0
1480,2021,reg1,Export_mix,CO2,0.0
1481,2022,reg1,Export_mix,CO2,0.0
1482,2023,reg1,Export_mix,CO2,0.0
1483,2024,reg1,Export_mix,CO2,0.0
1484,2025,reg1,Export_mix,CO2,0.0
1485,2026,reg1,Export_mix,CO2,0.0
1486,2027,reg1,Export_mix,CO2,0.0
1487,2028,reg1,Export_mix,CO2,0.0
1488,2029,reg1,Export_mix,CO2,0.0
1489,2030,reg1,Export_mix,CO2,0.0
1490,2031,reg1,Export_mix,CO2,0.0
1491,2032,reg1,Export_mix,CO2,0.0
1492,2033,reg1,Export_mix,CO2,0.0
1493,2034,reg1,Export_mix,CO2,0.0
1494,2035,reg1,Export_mix,CO2,0.0
1495,2036,reg1,Export_mix,CO2,0.0
1496,2037,reg1,Export_mix,CO2,0.0
1497,2038,reg1,Export_mix,CO2,0.0
1498,2039,reg1,Export_mix,CO2,0.0
1499,2040,reg1,Export_mix,CO2,0.0
1500,2041,reg1,Export_mix,CO2,0.0
1501,2042,reg1,Export_mix,CO2,0.0
1502,2043,reg1,Export_mix,CO2,0.0
1503,2044,reg1,Export_mix,CO2,0.0
1504,2045,reg1,Export_mix,CO2,0.0
1505,2046,reg1,Export_mix,CO2,0.0
1506,2047,reg1,Export_mix,CO2,0.0
1507,2048,reg1,Export_mix,CO2,0.0
1508,2049,reg1,Export_mix,CO2,0.0
1509,2050,reg1,Export_mix,CO2,0.0
1510,2051,reg1,Export_mix,CO2,0.0
1511,2052,reg1,Export_mix,CO2,0.0
1512,2053,reg1,Export_mix,CO2,0.0
1513,2054,reg1,Export_mix,CO2,0.0
1514,2055,reg1,Export_mix,CO2,0.0
1515,2056,reg1,Export_mix,CO2,0.0
1516,2057,reg1,Export_mix,CO2,0.0
1517,2058,reg1,Export_mix,CO2,0.0
1518,2059,reg1,Export_mix,CO2,0.0
1519,2060,reg1,Export_mix,CO2,0.0
1520,2061,reg1,Export_mix,CO2,0.0
1521,2062,reg1,Export_mix,CO2,0.0
1522,2063,reg1,Export_mix,CO2,0.0
1523,2064,reg1,Export_mix,CO2,0.0
1524,2065,reg1,Export_mix,CO2,0.0
1525,2066,reg1,Export_mix,CO2,0.0
1526,2067,reg1,Export_mix,CO2,0.0
1527,2068,reg1,Export_mix,CO2,0.0
1528,2069,reg1,Export_mix,CO2,0.0
1529,2070,reg1,Export_mix,CO2,0.0
1530,2020,reg1,Primary_mix,CO2,6809891546.911292
1531,2021,reg1,Primary_mix,CO2,7068016176.309523
1532,2022,reg1,Primary_mix,CO2,7326140805.707755
1533,2023,reg1,Primary_mix,CO2,7584265435.105987
1534,2024,reg1,Primary_mix,CO2,7842390064.504215
1535,2025,reg1,Primary_mix,CO2,8100514693.9024515
1536,2026,reg1,Primary_mix,CO2,8023232829.865135
1537,2027,reg1,Primary_mix,CO2,7945950965.827819
1538,2028,reg1,Primary_mix,CO2,7868669101.790505
1539,2029,reg1,Primary_mix,CO2,7791387237.753191
1540,2030,reg1,Primary_mix,CO2,7714105373.715874
1541,2031,reg1,Primary_mix,CO2,7575679622.148566
1542,2032,reg1,Primary_mix,CO2,7437253870.581257
1543,2033,reg1,Primary_mix,CO2,7298828119.0139475
1544,2034,reg1,Primary_mix,CO2,7160402367.446637
1545,2035,reg1,Primary_mix,CO2,7021976615.879326
1546,2036,reg1,Primary_mix,CO2,6976647374.190759
1547,2037,reg1,Primary_mix,CO2,6931318132.502193
1548,2038,reg1,Primary_mix,CO2,6885988890.813626
1549,2039,reg1,Primary_mix,CO2,6840659649.12506
1550,2040,reg1,Primary_mix,CO2,6795330407.436494
1551,2041,reg1,Primary_mix,CO2,6768309787.2078705
1552,2042,reg1,Primary_mix,CO2,6741289166.979249
1553,2043,reg1,Primary_mix,CO2,6714268546.750628
1554,2044,reg1,Primary_mix,CO2,6687247926.522005
1555,2045,reg1,Primary_mix,CO2,6660227306.293381
1556,2046,reg1,Primary_mix,CO2,6621155396.542318
1557,2047,reg1,Primary_mix,CO2,6582083486.791253
1558,2048,reg1,Primary_mix,CO2,6543011577.040189
1559,2049,reg1,Primary_mix,CO2,6503939667.289125
1560,2050,reg1,Primary_mix,CO2,6464867757.538061
1561,2051,reg1,Primary_mix,CO2,6464867757.538061
1562,2052,reg1,Primary_mix,CO2,6464867757.538061
1563,2053,reg1,Primary_mix,CO2,6464867757.538061
1564,2054,reg1,Primary_mix,CO2,6464867757.538061
1565,2055,reg1,Primary_mix,CO2,6464867757.538061
1566,2056,reg1,Primary_mix,CO2,6464867757.538061
1567,2057,reg1,Primary_mix,CO2,6464867757.538061
1568,2058,reg1,Primary_mix,CO2,6464867757.538061
1569,2059,reg1,Primary_mix,CO2,6464867757.538061
1570,2060,reg1,Primary_mix,CO2,6464867757.538061
1571,2061,reg1,Primary_mix,CO2,6464867757.538061
1572,2062,reg1,Primary_mix,CO2,6464867757.538061
1573,2063,reg1,Primary_mix,CO2,6464867757.538061
1574,2064,reg1,Primary_mix,CO2,6464867757.538061
1575,2065,reg1,Primary_mix,CO2,6464867757.538061
1576,2066,reg1,Primary_mix,CO2,6464867757.538061
1577,2067,reg1,Primary_mix,CO2,6464867757.538061
1578,2068,reg1,Primary_mix,CO2,6464867757.538061
1579,2069,reg1,Primary_mix,CO2,6464867757.538061
1580,2070,reg1,Primary_mix,CO2,6464867757.538061
1581,2020,reg1,Transport_mix,CO2,82221294098.63965
1582,2021,reg1,Transport_mix,CO2,84623336333.8617
1583,2022,reg1,Transport_mix,CO2,86995469972.87479
1584,2023,reg1,Transport_mix,CO2,89337695015.67886
1585,2024,reg1,Transport_mix,CO2,91650011462.27405
1586,2025,reg1,Transport_mix,CO2,93932419312.66022
1587,2026,reg1,Transport_mix,CO2,89947318191.30731
1588,2027,reg1,Transport_mix,CO2,85877836736.39754
1589,2028,reg1,Transport_mix,CO2,81725385405.81035
1590,2029,reg1,Transport_mix,CO2,77491470148.26448
1591,2030,reg1,Transport_mix,CO2,73177700623.6029
1592,2031,reg1,Transport_mix,CO2,71752160487.26628
1593,2032,reg1,Transport_mix,CO2,70339691905.64716
1594,2033,reg1,Transport_mix,CO2,68940294878.74557
1595,2034,reg1,Transport_mix,CO2,67553969406.56151
1596,2035,reg1,Transport_mix,CO2,66180715489.095
1597,2036,reg1,Transport_mix,CO2,65085844027.34768
1598,2037,reg1,Transport_mix,CO2,63990972565.60038
1599,2038,reg1,Transport_mix,CO2,62896101103.85306
1600,2039,reg1,Transport_mix,CO2,61801229642.10572
1601,2040,reg1,Transport_mix,CO2,60706358180.358376
1602,2041,reg1,Transport_mix,CO2,59788407171.687164
1603,2042,reg1,Transport_mix,CO2,58870456163.01595
1604,2043,reg1,Transport_mix,CO2,57952505154.34472
1605,2044,reg1,Transport_mix,CO2,57034554145.67349
1606,2045,reg1,Transport_mix,CO2,56116603137.00228
1607,2046,reg1,Transport_mix,CO2,55689220117.45816
1608,2047,reg1,Transport_mix,CO2,55261837097.91405
1609,2048,reg1,Transport_mix,CO2,54834454078.36994
1610,2049,reg1,Transport_mix,CO2,54407071058.82582
1611,2050,reg1,Transport_mix,CO2,53979688039.281746
1612,2051,reg1,Transport_mix,CO2,53979688039.281746
1613,2052,reg1,Transport_mix,CO2,53979688039.281746
1614,2053,reg1,Transport_mix,CO2,53979688039.281746
1615,2054,reg1,Transport_mix,CO2,53979688039.281746
1616,2055,reg1,Transport_mix,CO2,53979688039.281746
1617,2056,reg1,Transport_mix,CO2,53979688039.281746
1618,2057,reg1,Transport_mix,CO2,53979688039.281746
1619,2058,reg1,Transport_mix,CO2,53979688039.281746
1620,2059,reg1,Transport_mix,CO2,53979688039.281746
1621,2060,reg1,Transport_mix,CO2,53979688039.281746
1622,2061,reg1,Transport_mix,CO2,53979688039.281746
1623,2062,reg1,Transport_mix,CO2,53979688039.281746
1624,2063,reg1,Transport_mix,CO2,53979688039.281746
1625,2064,reg1,Transport_mix,CO2,53979688039.281746
1626,2065,reg1,Transport_mix,CO2,53979688039.281746
1627,2066,reg1,Transport_mix,CO2,53979688039.281746
1628,2067,reg1,Transport_mix,CO2,53979688039.281746
1629,2068,reg1,Transport_mix,CO2,53979688039.281746
1630,2069,reg1,Transport_mix,CO2,53979688039.281746
1631,2070,reg1,Transport_mix,CO2,53979688039.281746
1632,2020,reg1,Industrial_mix,CO2,27989520845.14669
1633,2021,reg1,Industrial_mix,CO2,29265232741.175003
1634,2022,reg1,Industrial_mix,CO2,30540944637.203304
1635,2023,reg1,Industrial_mix,CO2,31816656533.231598
1636,2024,reg1,Industrial_mix,CO2,33092368429.259903
1637,2025,reg1,Industrial_mix,CO2,34368080325.28819
1638,2026,reg1,Industrial_mix,CO2,34040863821.406837
1639,2027,reg1,Industrial_mix,CO2,33713463583.608162
1640,2028,reg1,Industrial_mix,CO2,33385874708.858894
1641,2029,reg1,Industrial_mix,CO2,33058092118.106766
1642,2030,reg1,Industrial_mix,CO2,32730110548.310123
1643,2031,reg1,Industrial_mix,CO2,32335459719.231018
1644,2032,reg1,Industrial_mix,CO2,31940808890.15191
1645,2033,reg1,Industrial_mix,CO2,31546158061.07279
1646,2034,reg1,Industrial_mix,CO2,31151507231.993668
1647,2035,reg1,Industrial_mix,CO2,30756856402.91454
1648,2036,reg1,Industrial_mix,CO2,30473322572.485985
1649,2037,reg1,Industrial_mix,CO2,30189788742.057426
1650,2038,reg1,Industrial_mix,CO2,29906254911.628872
1651,2039,reg1,Industrial_mix,CO2,29622721081.200306
1652,2040,reg1,Industrial_mix,CO2,29339187250.771748
1653,2041,reg1,Industrial_mix,CO2,29140206932.703426
1654,2042,reg1,Industrial_mix,CO2,28941226614.635113
1655,2043,reg1,Industrial_mix,CO2,28742246296.56679
1656,2044,reg1,Industrial_mix,CO2,28543265978.498478
1657,2045,reg1,Industrial_mix,CO2,28344285660.43016
1658,2046,reg1,Industrial_mix,CO2,28598724254.78446
1659,2047,reg1,Industrial_mix,CO2,28853162849.13878
1660,2048,reg1,Industrial_mix,CO2,29107601443.49309
1661,2049,reg1,Industrial_mix,CO2,29362040037.847416
1662,2050,reg1,Industrial_mix,CO2,29616478632.20173
1663,2051,reg1,Industrial_mix,CO2,29616478632.20173
1664,2052,reg1,Industrial_mix,CO2,29616478632.20173
1665,2053,reg1,Industrial_mix,CO2,29616478632.20173
1666,2054,reg1,Industrial_mix,CO2,29616478632.20173
1667,2055,reg1,Industrial_mix,CO2,29616478632.20173
1668,2056,reg1,Industrial_mix,CO2,29616478632.20173
1669,2057,reg1,Industrial_mix,CO2,29616478632.20173
1670,2058,reg1,Industrial_mix,CO2,29616478632.20173
1671,2059,reg1,Industrial_mix,CO2,29616478632.20173
1672,2060,reg1,Industrial_mix,CO2,29616478632.20173
1673,2061,reg1,Industrial_mix,CO2,29616478632.20173
1674,2062,reg1,Industrial_mix,CO2,29616478632.20173
1675,2063,reg1,Industrial_mix,CO2,29616478632.20173
1676,2064,reg1,Industrial_mix,CO2,29616478632.20173
1677,2065,reg1,Industrial_mix,CO2,29616478632.20173
1678,2066,reg1,Industrial_mix,CO2,29616478632.20173
1679,2067,reg1,Industrial_mix,CO2,29616478632.20173
1680,2068,reg1,Industrial_mix,CO2,29616478632.20173
1681,2069,reg1,Industrial_mix,CO2,29616478632.20173
1682,2070,reg1,Industrial_mix,CO2,29616478632.20173
1683,2020,reg1,Residential_mix,CO2,67346453039.82914
1684,2021,reg1,Residential_mix,CO2,66448841865.021484
1685,2022,reg1,Residential_mix,CO2,65551230690.21384
1686,2023,reg1,Residential_mix,CO2,64653619515.40619
1687,2024,reg1,Residential_mix,CO2,63756008340.59856
1688,2025,reg1,Residential_mix,CO2,62858397165.79094
1689,2026,reg1,Residential_mix,CO2,62130711141.684074
1690,2027,reg1,Residential_mix,CO2,61405416887.145805
1691,2028,reg1,Residential_mix,CO2,60682693661.55013
1692,2029,reg1,Residential_mix,CO2,59962739096.88209
1693,2030,reg1,Residential_mix,CO2,59245771613.43674
1694,2031,reg1,Residential_mix,CO2,58834215876.752884
1695,2032,reg1,Residential_mix,CO2,58422660140.068985
1696,2033,reg1,Residential_mix,CO2,58011104403.38512
1697,2034,reg1,Residential_mix,CO2,57599548666.70124
1698,2035,reg1,Residential_mix,CO2,57187992930.01735
1699,2036,reg1,Residential_mix,CO2,56735084664.127
1700,2037,reg1,Residential_mix,CO2,56282176398.23663
1701,2038,reg1,Residential_mix,CO2,55829268132.34628
1702,2039,reg1,Residential_mix,CO2,55376359866.45591
1703,2040,reg1,Residential_mix,CO2,54923451600.565544
1704,2041,reg1,Residential_mix,CO2,54447960272.2776
1705,2042,reg1,Residential_mix,CO2,53972468943.98966
1706,2043,reg1,Residential_mix,CO2,53496977615.70172
1707,2044,reg1,Residential_mix,CO2,53021486287.41379
1708,2045,reg1,Residential_mix,CO2,52545994959.12584
1709,2046,reg1,Residential_mix,CO2,52063277577.753006
1710,2047,reg1,Residential_mix,CO2,51580560196.38017
1711,2048,reg1,Residential_mix,CO2,51097842815.007324
1712,2049,reg1,Residential_mix,CO2,50615125433.6345
1713,2050,reg1,Residential_mix,CO2,50132408052.261665
1714,2051,reg1,Residential_mix,CO2,50132408052.261665
1715,2052,reg1,Residential_mix,CO2,50132408052.261665
1716,2053,reg1,Residential_mix,CO2,50132408052.261665
1717,2054,reg1,Residential_mix,CO2,50132408052.261665
1718,2055,reg1,Residential_mix,CO2,50132408052.261665
1719,2056,reg1,Residential_mix,CO2,50132408052.261665
1720,2057,reg1,Residential_mix,CO2,50132408052.261665
1721,2058,reg1,Residential_mix,CO2,50132408052.261665
1722,2059,reg1,Residential_mix,CO2,50132408052.261665
1723,2060,reg1,Residential_mix,CO2,50132408052.261665
1724,2061,reg1,Residential_mix,CO2,50132408052.261665
1725,2062,reg1,Residential_mix,CO2,50132408052.261665
1726,2063,reg1,Residential_mix,CO2,50132408052.261665
1727,2064,reg1,Residential_mix,CO2,50132408052.261665
1728,2065,reg1,Residential_mix,CO2,50132408052.261665
1729,2066,reg1,Residential_mix,CO2,50132408052.261665
1730,2067,reg1,Residential_mix,CO2,50132408052.261665
1731,2068,reg1,Residential_mix,CO2,50132408052.261665
1732,2069,reg1,Residential_mix,CO2,50132408052.261665
1733,2070,reg1,Residential_mix,CO2,50132408052.261665
1734,2020,reg1,Services_mix,CO2,27282085052.416508
1735,2021,reg1,Services_mix,CO2,26426834571.269875
1736,2022,reg1,Services_mix,CO2,25571584090.123226
1737,2023,reg1,Services_mix,CO2,24716333608.976585
1738,2024,reg1,Services_mix,CO2,23861083127.829937
1739,2025,reg1,Services_mix,CO2,23005832646.6833
1740,2026,reg1,Services_mix,CO2,22846872393.995945
1741,2027,reg1,Services_mix,CO2,22689142991.46957
1742,2028,reg1,Services_mix,CO2,22532719770.97088
1743,2029,reg1,Services_mix,CO2,22377684339.78506
1744,2030,reg1,Services_mix,CO2,22224125247.97052
1745,2031,reg1,Services_mix,CO2,21825324467.926933
1746,2032,reg1,Services_mix,CO2,21426523687.883343
1747,2033,reg1,Services_mix,CO2,21027722907.839756
1748,2034,reg1,Services_mix,CO2,20628922127.796165
1749,2035,reg1,Services_mix,CO2,20230121347.75258
1750,2036,reg1,Services_mix,CO2,20099529050.152554
1751,2037,reg1,Services_mix,CO2,19968936752.55253
1752,2038,reg1,Services_mix,CO2,19838344454.95251
1753,2039,reg1,Services_mix,CO2,19707752157.352486
1754,2040,reg1,Services_mix,CO2,19577159859.752464
1755,2041,reg1,Services_mix,CO2,19499314196.626728
1756,2042,reg1,Services_mix,CO2,19421468533.50099
1757,2043,reg1,Services_mix,CO2,19343622870.37525
1758,2044,reg1,Services_mix,CO2,19265777207.249516
1759,2045,reg1,Services_mix,CO2,19187931544.123764
1760,2046,reg1,Services_mix,CO2,19075366447.600227
1761,2047,reg1,Services_mix,CO2,18962801351.07669
1762,2048,reg1,Services_mix,CO2,18850236254.553158
1763,2049,reg1,Services_mix,CO2,18737671158.02962
1764,2050,reg1,Services_mix,CO2,18625106061.506092
1765,2051,reg1,Services_mix,CO2,18625106061.506092
1766,2052,reg1,Services_mix,CO2,18625106061.506092
1767,2053,reg1,Services_mix,CO2,18625106061.506092
1768,2054,reg1,Services_mix,CO2,18625106061.506092
1769,2055,reg1,Services_mix,CO2,18625106061.506092
1770,2056,reg1,Services_mix,CO2,18625106061.506092
1771,2057,reg1,Services_mix,CO2,18625106061.506092
1772,2058,reg1,Services_mix,CO2,18625106061.506092
1773,2059,reg1,Services_mix,CO2,18625106061.506092
1774,2060,reg1,Services_mix,CO2,18625106061.506092
1775,2061,reg1,Services_mix,CO2,18625106061.506092
1776,2062,reg1,Services_mix,CO2,18625106061.506092
1777,2063,reg1,Services_mix,CO2,18625106061.506092
1778,2064,reg1,Services_mix,CO2,18625106061.506092
1779,2065,reg1,Services_mix,CO2,18625106061.506092
1780,2066,reg1,Services_mix,CO2,18625106061.506092
1781,2067,reg1,Services_mix,CO2,18625106061.506092
1782,2068,reg1,Services_mix,CO2,18625106061.506092
1783,2069,reg1,Services_mix,CO2,18625106061.506092
1784,2070,reg1,Services_mix,CO2,18625106061.506092
